Index	Label	class
0ld4ir	0ld4ir	1
2001rgv	2001rgv	0
2009Luan2001	2009Luan2001	0
aanak16	aanak16	0
aBarbie0	aBarbie0	0
Abbud_L	Abbud_L	1
AbraoVitor4	AbraoVitor4	1
ACasteira	ACasteira	1
aclaramorim	aclaramorim	0
AdilRodrigues92	AdilRodrigues92	1
adrielaraujosp	adrielaraujosp	1
Adryana69554649	Adryana69554649	0
aeabyel	aeabyel	0
agata_cristiina	agata_cristiina	0
ahnaosei9	ahnaosei9	1
aiallasouzaa	aiallasouzaa	0
ainda_dorme	ainda_dorme	0
Alan_Aldrin	Alan_Aldrin	0
aleckcosta_	aleckcosta_	1
alefreitsm	alefreitsm	1
AlesjcsGoudard	AlesjcsGoudard	1
Aleziinho_10	Aleziinho_10	0
ale___ee	ale___ee	0
Alife42318449	Alife42318449	0
alinee13r	alinee13r	1
AlmeidaLaina	AlmeidaLaina	1
alvaro_barros63	alvaro_barros63	0
Amanda73480090	Amanda73480090	0
AmandaGomesLem3	AmandaGomesLem3	0
amandanudesbb	amandanudesbb	1
amanda_ptl	amanda_ptl	1
AmandinhaGO1	AmandinhaGO1	0
AminMomade	AminMomade	1
Amymand	Amymand	1
Anacaro16959462	Anacaro16959462	1
AnaMary_Ofc	AnaMary_Ofc	1
AndersonThomaz7	AndersonThomaz7	1
anderson__rb	anderson__rb	1
Andress19624125	Andress19624125	0
AndrezaGamoraah	AndrezaGamoraah	1
angelodahora88	angelodahora88	0
aninhasilv4	aninhasilv4	0
annebfr	annebfr	0
annecaroliinne_	annecaroliinne_	0
anninhacustodio	anninhacustodio	0
anonima30105166	anonima30105166	0
APF_Cristiano	APF_Cristiano	0
AppeltyLuiz	AppeltyLuiz	1
ArianeL31594321	ArianeL31594321	1
ariane_me	ariane_me	0
Arierreffa	Arierreffa	1
Arnado40008984	Arnado40008984	0
Artthur	Artthur	1
ARYANNERIBEIRO	ARYANNERIBEIRO	0
asjhdfbhdfbd	asjhdfbhdfbd	1
AstroTHUNDER20	AstroTHUNDER20	1
baconcomsorvete	baconcomsorvete	1
banzardes	banzardes	1
barbosalcm	barbosalcm	0
Barcelos1K	Barcelos1K	1
BeatrizBiagi3	BeatrizBiagi3	1
beatrizgabii_	beatrizgabii_	1
beazinha2807	beazinha2807	1
beenoliveira	beenoliveira	1
BelemMilgraus	BelemMilgraus	0
bemmoderninha	bemmoderninha	1
Benjami29883539	Benjami29883539	0
BetaAriaudo	BetaAriaudo	0
BetinhoFarnela	BetinhoFarnela	0
BiancaA93293893	BiancaA93293893	1
BiancaVallillo	BiancaVallillo	0
bias13021	bias13021	1
BielRod15	BielRod15	0
bixxco8	bixxco8	1
bmferrei	bmferrei	1
bnfontes	bnfontes	0
bogea_aricinha	bogea_aricinha	0
Brasilproducoe1	Brasilproducoe1	1
Breno36208261	Breno36208261	1
BrunaCa59715003	BrunaCa59715003	1
Brusamaravi	Brusamaravi	0
bsamelynee	bsamelynee	0
ByFoquiou	ByFoquiou	0
CacilldaR	CacilldaR	0
CaioScodeler	CaioScodeler	0
calixtoamandaJ	calixtoamandaJ	1
camiizj	camiizj	0
camilafuraconer	camilafuraconer	1
caralhoselma	caralhoselma	1
Carlinh18156225	Carlinh18156225	1
Carlinhats	Carlinhats	1
carlosabreu651	carlosabreu651	0
Carlos_Henri06	Carlos_Henri06	0
carolinx04	carolinx04	0
Carol_siilva_41	Carol_siilva_41	0
casalzao_22	casalzao_22	1
CdeCaqui	CdeCaqui	0
cesarromerofer1	cesarromerofer1	0
cesarsantosjnr	cesarsantosjnr	0
Chatinha923	Chatinha923	0
ClaraAmorDaMin1	ClaraAmorDaMin1	1
ClaraSo25589240	ClaraSo25589240	0
ClaudiaoDaMassa	ClaudiaoDaMassa	0
claudinei_s_p	claudinei_s_p	1
ClaudioFerraraz	ClaudioFerraraz	1
ClaudivanDuarte	ClaudivanDuarte	0
Cleyyd3	Cleyyd3	0
coisalindaevc	coisalindaevc	1
CorreiaWhanda	CorreiaWhanda	1
Crischerer	Crischerer	1
CyprianoPaulina	CyprianoPaulina	0
damambahy	damambahy	1
danner_vinicius	danner_vinicius	1
DannyOl54211442	DannyOl54211442	1
danonixs	danonixs	1
dansilvacrvg	dansilvacrvg	0
darkplant01	darkplant01	0
dbysoncarvalho	dbysoncarvalho	0
deborasamyra111	deborasamyra111	0
DedecoDeLima02	DedecoDeLima02	1
Deivison_d7	Deivison_d7	1
derrotacollar	derrotacollar	1
dezavarg_rs	dezavarg_rs	0
DianaSDF8	DianaSDF8	1
DigaaoBarbosa	DigaaoBarbosa	0
Diogo_Lima027	Diogo_Lima027	0
dionarasouza2	dionarasouza2	1
DjerryArtista1	DjerryArtista1	0
DJiminivkook	DJiminivkook	0
DOMINGOJOAQUIM8	DOMINGOJOAQUIM8	1
Donizetivieira2	Donizetivieira2	0
DosSantos7474	DosSantos7474	1
dous_santos	dous_santos	1
dudinhadrumond	dudinhadrumond	0
duds20301	duds20301	1
DuuuhSouza2	DuuuhSouza2	0
EaeGermana	EaeGermana	1
edianeoliveira0	edianeoliveira0	1
EduardaFranz3	EduardaFranz3	0
Eduardo47404654	Eduardo47404654	1
Eduardo93594947	Eduardo93594947	0
eduro6	eduro6	0
ejc__	ejc__	1
ElChapoSincero	ElChapoSincero	0
Eliza_Silva04	Eliza_Silva04	0
emelly94327776	emelly94327776	1
emiliannaleal	emiliannaleal	0
Emmanue84379756	Emmanue84379756	0
ErickLucasLope2	ErickLucasLope2	1
EricoYedder	EricoYedder	0
erlisonaires	erlisonaires	0
EsquecidaBela	EsquecidaBela	0
estavaaki	estavaaki	1
etelvina_gloria	etelvina_gloria	0
euesterveiga	euesterveiga	0
eugelsonsilva	eugelsonsilva	0
EvelynJ14678688	EvelynJ14678688	0
EvertonLuizPin1	EvertonLuizPin1	1
ewelynvitalino	ewelynvitalino	0
EyshilaMuniz4	EyshilaMuniz4	1
Fabiana11606241	Fabiana11606241	1
Fabiane49321349	Fabiane49321349	1
fabriciomesmo_	fabriciomesmo_	1
fabrixuu	fabrixuu	0
fazsilenciopfvr	fazsilenciopfvr	0
Fdantas011	Fdantas011	1
FeGodlike	FeGodlike	1
Felipe17794570	Felipe17794570	1
FelipeCFrois	FelipeCFrois	0
Felipeloures__	Felipeloures__	0
FelipinhoD2	FelipinhoD2	1
fellowquengas	fellowquengas	0
FerFervitu2101	FerFervitu2101	1
Fernand21354394	Fernand21354394	1
Fernand95437881	Fernand95437881	0
fernandojuniocs	fernandojuniocs	0
fe_sousa9	fe_sousa9	1
FilipeSmarquESs	FilipeSmarquESs	1
fluminenserugby	fluminenserugby	0
fmsole	fmsole	0
FpEduard0	FpEduard0	0
Francis99404781	Francis99404781	0
freirerodriigo	freirerodriigo	0
FrenschBreno	FrenschBreno	1
FuckAnonymous3	FuckAnonymous3	0
Gabirodrigues54	Gabirodrigues54	0
gabisanchesb	gabisanchesb	0
Gabrieltjusti	Gabrieltjusti	0
gabrielzferg	gabrielzferg	0
Gabyinuness	Gabyinuness	0
Garciaa103	Garciaa103	1
Gasparzinho78	Gasparzinho78	0
Gatosa220	Gatosa220	1
Gede_Salles	Gede_Salles	1
Geovanabf_	Geovanabf_	1
Geovanibirao	Geovanibirao	0
gioh_z	gioh_z	1
giovann79006033	giovann79006033	1
GislaineOsinsk1	GislaineOsinsk1	1
Gleices60558692	Gleices60558692	0
gmclaraa	gmclaraa	1
Gmirabetii	Gmirabetii	0
goldenshlz	goldenshlz	1
GquintS	GquintS	1
Gracian14080173	Gracian14080173	0
GuedinJunior	GuedinJunior	1
GuilhermeBarbi9	GuilhermeBarbi9	0
Guilherme_Iima	Guilherme_Iima	0
guilher_desouza	guilher_desouza	0
Guoliveiradias	Guoliveiradias	1
GustavoBreiden1	GustavoBreiden1	1
GVale	GVale	1
G_roochaa	G_roochaa	0
Haatakeee	Haatakeee	0
Hello83688301	Hello83688301	0
HenrickDick	HenrickDick	0
henriquebb78	henriquebb78	0
hfhercules	hfhercules	0
HMariaaa	HMariaaa	1
HortencioPaca	HortencioPaca	1
hpttpseudo	hpttpseudo	0
Hrqpps	Hrqpps	1
hyuri_vinicios	hyuri_vinicios	1
IAllenkaf	IAllenkaf	0
iamsolitario1	iamsolitario1	1
icarosnt	icarosnt	1
Igoarruda_	Igoarruda_	1
igorpaz2	igorpaz2	0
indianasz14	indianasz14	1
Indiretinhas13	Indiretinhas13	1
ionfuckwidit	ionfuckwidit	0
Irruan77	Irruan77	0
Isabelamrtdv2	Isabelamrtdv2	0
IsabellaLuvizot	IsabellaLuvizot	0
IsaColnaghi2	IsaColnaghi2	0
Isadori95839886	Isadori95839886	1
isaelcosta17	isaelcosta17	0
ISA_DO_RINHA	ISA_DO_RINHA	0
isa_freitassa	isa_freitassa	1
ivaniadiass	ivaniadiass	0
Jaade13_	Jaade13_	1
JacileneDias3	JacileneDias3	0
JaianeS06903369	JaianeS06903369	0
jamalfrancosco1	jamalfrancosco1	1
JamiFreitas1	JamiFreitas1	1
JaoDuBronx	JaoDuBronx	1
Jayjang17	Jayjang17	0
jeanepinho	jeanepinho	0
JeanKarllos	JeanKarllos	0
jheniffetlr	jheniffetlr	0
jhenne193	jhenne193	1
Jheny0222	Jheny0222	1
JliaFer43486151	JliaFer43486151	0
Joao_mac3do	Joao_mac3do	0
johnshelbysnow	johnshelbysnow	1
Joobjjoliveira1	Joobjjoliveira1	1
JooBorg42644374	JooBorg42644374	1
jorgesantofc	jorgesantofc	1
Josue64002164	Josue64002164	0
Joyce_matoss	Joyce_matoss	0
JssicaA58966765	JssicaA58966765	1
JuGarcia33	JuGarcia33	0
JulianaPadula	JulianaPadula	0
JulianavalleY	JulianavalleY	1
Juliatudicaki	Juliatudicaki	0
jungandrei4	jungandrei4	1
JuniorO56511770	JuniorO56511770	0
juridiquess	juridiquess	0
juu_ketiss	juu_ketiss	1
jvc_0liveira	jvc_0liveira	1
jvnb1978	jvnb1978	1
kamilly_tals	kamilly_tals	0
KarllaThaynara3	KarllaThaynara3	1
karolinebp	karolinebp	0
KaSandr27746795	KaSandr27746795	0
kat1airws	kat1airws	1
KauanaO13946298	KauanaO13946298	1
Kekenasciment0	Kekenasciment0	1
KellyneSantos1	KellyneSantos1	0
kelsi2308	kelsi2308	0
KelvynMachado3	KelvynMachado3	1
KetlenKaylanne	KetlenKaylanne	1
KikaSena11	KikaSena11	0
kleiton_j	kleiton_j	1
KTARRO	KTARRO	1
laiisbdeus	laiisbdeus	1
laiza_ff	laiza_ff	1
LanznasterMaga	LanznasterMaga	1
laracasatti	laracasatti	0
Larissa51656902	Larissa51656902	0
Larissamatiasn	Larissamatiasn	1
LarissaMiloch	LarissaMiloch	0
Lary24723660	Lary24723660	1
LaryGom40152733	LaryGom40152733	1
lavlvs	lavlvs	0
Leandra13218668	Leandra13218668	1
Leandro78160944	Leandro78160944	0
LeandroViana79	LeandroViana79	1
Lee_vicco	Lee_vicco	0
Lelo998	Lelo998	0
Leonard32810610	Leonard32810610	0
Leooo49648625	Leooo49648625	0
leovalles23	leovalles23	1
lethiciagaspri	lethiciagaspri	0
leticia27866638	leticia27866638	1
leticia_slopes	leticia_slopes	1
lialiapin	lialiapin	1
LiaWerneck2	LiaWerneck2	0
Liriane55726437	Liriane55726437	1
lisss4040	lisss4040	0
liviaarocapalma	liviaarocapalma	0
livian80	livian80	1
llauramorais	llauramorais	0
LLiazika	LLiazika	1
lmxbl02	lmxbl02	1
loiravargass	loiravargass	1
LorinhoDa	LorinhoDa	0
luacosta____	luacosta____	1
Lualveso_	Lualveso_	1
LucasDu66151829	LucasDu66151829	0
Lucasfe98341713	Lucasfe98341713	1
LucasLc24	LucasLc24	1
Lucass028R7	Lucass028R7	0
lucastvalente	lucastvalente	1
ludsonfonseca	ludsonfonseca	0
Luiza69253596	Luiza69253596	1
LuizPaula12	LuizPaula12	0
LuizzLuz	LuizzLuz	1
maag_strieder	maag_strieder	1
MaahCosta15	MaahCosta15	0
Machotane3	Machotane3	1
MagalliSouzza	MagalliSouzza	1
MagioliE	MagioliE	1
MagrellohO	MagrellohO	0
maiajardel	maiajardel	0
MaiconMmb	MaiconMmb	1
malreanah	malreanah	0
malu_guadelupe	malu_guadelupe	0
mandieiro	mandieiro	0
manzo_vitor	manzo_vitor	1
Marcell66539017	Marcell66539017	1
MarcioC02696949	MarcioC02696949	1
marcusvidol	marcusvidol	1
marc_lala_	marc_lala_	0
mariaclaravaz10	mariaclaravaz10	0
MariaEd27504768	MariaEd27504768	0
marialu14279828	marialu14279828	0
marizacaleski	marizacaleski	1
Marlons_jr	Marlons_jr	0
marshalldiass	marshalldiass	1
MateusReal_18	MateusReal_18	1
Matheus32686356	Matheus32686356	1
Matheus_Vilarim	Matheus_Vilarim	0
Matheuzzzo	Matheuzzzo	1
Meel12875122	Meel12875122	0
Mel44732900	Mel44732900	0
melloljan	melloljan	0
mendes_thayara	mendes_thayara	1
Merces15694048	Merces15694048	0
meusgraficos	meusgraficos	0
mibruza	mibruza	0
Micaell61260317	Micaell61260317	0
michellyhayady1	michellyhayady1	1
MIDLEYALEXANDRE	MIDLEYALEXANDRE	0
MikeHenri20	MikeHenri20	0
MilenaMadruga	MilenaMadruga	1
Mileny68431738	Mileny68431738	1
Millyzinhaxd	Millyzinhaxd	0
miltonevanessa	miltonevanessa	0
Mimi_szS2	Mimi_szS2	1
mirandeww	mirandeww	1
MisterThirtee	MisterThirtee	1
mlgoes_barreto	mlgoes_barreto	1
monnybg	monnybg	1
Mpdias2	Mpdias2	1
MrioSrgioGama2	MrioSrgioGama2	1
mrts_ane	mrts_ane	1
My_Biet	My_Biet	1
My_Carolin4	My_Carolin4	0
nadiamar_	nadiamar_	1
Naluluxv	Naluluxv	0
nanana36071800	nanana36071800	1
nathrahh	nathrahh	0
ndumba309	ndumba309	0
nicollezinhasz	nicollezinhasz	1
Nicsrocha	Nicsrocha	0
nita_tramontin	nita_tramontin	1
norte_ii	norte_ii	1
nxstyzin	nxstyzin	0
Nya_Bord	Nya_Bord	1
nyreiiss	nyreiiss	1
oJoao22	oJoao22	1
ojoaozeira	ojoaozeira	1
OlioseVitoria	OlioseVitoria	1
omarcelobonan	omarcelobonan	1
omartchelo	omartchelo	0
ondaa33	ondaa33	0
oppss_digata	oppss_digata	1
Orlando82014971	Orlando82014971	0
Ottorin11675016	Ottorin11675016	0
ovelhodal	ovelhodal	1
PalomaCampos88	PalomaCampos88	1
pattytatibana	pattytatibana	1
PedroHe14582141	PedroHe14582141	0
Pedroo745	Pedroo745	1
Phelipeeh	Phelipeeh	1
picoaraujo	picoaraujo	0
PinaFda	PinaFda	1
pipolho2020	pipolho2020	0
Pl3Silva	Pl3Silva	1
PmelaMuniz4	PmelaMuniz4	1
PortalNovidade2	PortalNovidade2	0
poxanarysousa	poxanarysousa	1
PP_Thuanny	PP_Thuanny	1
PqpAlana3	PqpAlana3	0
priprincesalima	priprincesalima	0
Priscil96464239	Priscil96464239	0
privadinho69	privadinho69	1
qlf_amandaa	qlf_amandaa	1
Quecaiudoceu	Quecaiudoceu	0
queenj2405	queenj2405	1
Radameswillian	Radameswillian	1
Rafaaah03060200	Rafaaah03060200	0
Rafael65213112	Rafael65213112	0
Rafaela75049875	Rafaela75049875	1
Raianny57665569	Raianny57665569	1
RamonFr25621862	RamonFr25621862	1
RayAbdul12	RayAbdul12	1
RayBaesso	RayBaesso	1
Rayssa92702159	Rayssa92702159	0
rdanareiscrf	rdanareiscrf	1
Reeh_inoue	Reeh_inoue	1
reenangodoi	reenangodoi	0
renatoo_frn	renatoo_frn	0
RicardBravo88	RicardBravo88	1
RobaSena6	RobaSena6	1
ROBERTONERYY	ROBERTONERYY	1
RogrioF48596947	RogrioF48596947	1
RomrioBorges5	RomrioBorges5	0
rosanesnts	rosanesnts	1
Rosange34565851	Rosange34565851	0
R_p_L_divided_A	R_p_L_divided_A	1
Sabrina70165723	Sabrina70165723	0
SalimaQuintao	SalimaQuintao	0
samara_evl	samara_evl	0
samir7ribeiro	samir7ribeiro	1
Samuel64825623	Samuel64825623	0
Santos1Ssss	Santos1Ssss	1
SaraMatos102	SaraMatos102	0
sd_silveira	sd_silveira	1
Shirley85060963	Shirley85060963	0
Silvana17722457	Silvana17722457	1
silveiraluizz	silveiraluizz	1
smca9292	smca9292	1
SnMillas	SnMillas	0
sofi_ffabiano	sofi_ffabiano	1
souandriel	souandriel	0
souza_izaaa	souza_izaaa	1
SouzzaTiffany	SouzzaTiffany	0
SpringBonnie644	SpringBonnie644	0
Suelen36142903	Suelen36142903	1
Sunna26418537	Sunna26418537	0
Suyanelemos95	Suyanelemos95	1
Taciano41345400	Taciano41345400	1
TalClarinha	TalClarinha	0
talitafig	talitafig	1
TamiresCossa	TamiresCossa	0
TattiAraujo3	TattiAraujo3	1
Tavares53781884	Tavares53781884	1
tavares_rebelo	tavares_rebelo	1
TaylonYago	TaylonYago	1
tayreiss1	tayreiss1	0
tcharlesoliver	tcharlesoliver	0
Tefy_luz_	Tefy_luz_	1
teteuzinhoabsur	teteuzinhoabsur	0
thaaalmr	thaaalmr	1
ThallesCruz4	ThallesCruz4	0
TharickyNathan	TharickyNathan	1
Theus21Gregorio	Theus21Gregorio	1
Theus5330	Theus5330	0
Thiago02241940	Thiago02241940	0
ThiagoBatera19	ThiagoBatera19	0
ThiagoThomazin6	ThiagoThomazin6	1
thyrelene	thyrelene	0
Tiago0822	Tiago0822	0
TiagoborbaRS	TiagoborbaRS	0
TIAGO_OLIVER_	TIAGO_OLIVER_	1
TiaLulu17	TiaLulu17	1
timasilva	timasilva	1
TrindadeRenan95	TrindadeRenan95	0
ttalissonC	ttalissonC	1
UchiraT	UchiraT	0
Umdedodeprosa2	Umdedodeprosa2	0
UNIVERSE_81	UNIVERSE_81	0
UrubuLiberta	UrubuLiberta	0
ValrioJunior5	ValrioJunior5	0
Vanessa87454507	Vanessa87454507	0
vanessacarolay4	vanessacarolay4	0
vassorito	vassorito	0
VB31842492	VB31842492	0
VelhoRomano	VelhoRomano	0
vfernandiss	vfernandiss	0
VHeleia	VHeleia	0
Vick04594487	Vick04594487	0
victor_hugoo_	victor_hugoo_	0
vilasnanda84	vilasnanda84	0
Viniciu85904776	Viniciu85904776	0
vinicius_asdm	vinicius_asdm	0
vinigoodsilva	vinigoodsilva	1
vircto_	vircto_	0
VIT0RI44	VIT0RI44	0
vitorbrenno007	vitorbrenno007	0
VitoriaCintra12	VitoriaCintra12	0
vivigeov	vivigeov	1
voceconhecesz	voceconhecesz	0
Walker_021	Walker_021	0
wbastosCRF	wbastosCRF	0
WesleiBaptista	WesleiBaptista	1
WesleyS74045357	WesleyS74045357	1
WeslleyBrando5	WeslleyBrando5	0
William_Gamaa	William_Gamaa	0
willianneves	willianneves	0
willianqueoroz	willianqueoroz	0
x0xlx0x	x0xlx0x	1
xandaojunio	xandaojunio	0
Xavier_Sueia	Xavier_Sueia	1
XuuAnjos	XuuAnjos	1
YasReis9	YasReis9	1
yme_emilly	yme_emilly	0
Yuri90779045	Yuri90779045	0
yuri_arllan	yuri_arllan	0
Y_Menezes09	Y_Menezes09	0
zeevictor94	zeevictor94	1
_fuinhaa	_fuinhaa	0
_gabstg_	_gabstg_	1
_Guiga21	_Guiga21	0
_Hiag0Silva	_Hiag0Silva	1
_IC_F	_IC_F	0
_isa_bizio	_isa_bizio	1
_Liliane_slv	_Liliane_slv	1
_marcelafreitas	_marcelafreitas	1
_matos18	_matos18	1
_xxxlola	_xxxlola	0
__esteryohana	__esteryohana	1
0838c16344ea4cf	0838c16344ea4cf	1
0Frann	0Frann	0
0liveirajus	0liveirajus	0
127Aninha	127Aninha	0
18isabelles8	18isabelles8	0
18Ketelen	18Ketelen	1
1917Roberval	1917Roberval	0
2009Luan2001	2009Luan2001	0
5348Andreii	5348Andreii	0
762Soares	762Soares	0
8chocadaaa	8chocadaaa	1
aalicepacheco	aalicepacheco	1
aalineks28	aalineks28	0
aanak16	aanak16	0
aarmandelas	aarmandelas	0
abelhar48212633	abelhar48212633	1
Abilio79287493	Abilio79287493	1
aceciliavilelac	aceciliavilelac	0
Acksel_DF	Acksel_DF	1
adeltonbueno7	adeltonbueno7	0
AdineirB	AdineirB	1
AdrieleMuniz11	AdrieleMuniz11	0
Adrielly1103	Adrielly1103	1
AdrielyAvellar	AdrielyAvellar	1
adrielyfsilva	adrielyfsilva	1
adrii_dgm	adrii_dgm	0
adrinbv	adrinbv	0
aeabyel	aeabyel	0
afofalerda	afofalerda	0
Agatha83342595	Agatha83342595	1
ageise_	ageise_	1
agenciavoa_	agenciavoa_	0
aggels_	aggels_	0
Agnes14889021	Agnes14889021	0
AgraImna	AgraImna	0
AhMagro	AhMagro	1
aipinzinho	aipinzinho	0
AkemiM	AkemiM	1
aksonia13	aksonia13	1
AktAkatsuki	AktAkatsuki	0
AlehOtsuka	AlehOtsuka	1
Alekseyevich_00	Alekseyevich_00	1
aleoatoria	aleoatoria	0
alexiabattisti	alexiabattisti	0
Alexsannyaa	Alexsannyaa	1
Ale_dsantos	Ale_dsantos	0
AliceBaumgratz	AliceBaumgratz	0
Alife42318449	Alife42318449	0
alineesperanca	alineesperanca	0
ali_tiemi	ali_tiemi	1
allifungo	allifungo	0
allmeidathais	allmeidathais	1
alovergrl	alovergrl	0
alveslaur	alveslaur	0
AlyneMelo4	AlyneMelo4	0
Alysa_sink	Alysa_sink	1
amagalhaesds_	amagalhaesds_	1
Amanda00294430	Amanda00294430	1
amandaaraujo_f	amandaaraujo_f	1
amandabidinotto	amandabidinotto	0
AmandaF73545795	AmandaF73545795	0
AmandaRaasch1	AmandaRaasch1	1
amanda_maracas	amanda_maracas	1
amanda_zambom	amanda_zambom	0
AmauriDommarco	AmauriDommarco	1
AmeidaLima	AmeidaLima	0
AmorimLaris_	AmorimLaris_	0
amo_agora	amo_agora	1
amvsnt	amvsnt	1
Ana75348063	Ana75348063	0
anaaakruger	anaaakruger	1
anaalimaa19	anaalimaa19	0
AnaBeat98452974	AnaBeat98452974	0
AnaBeatrizfc99	AnaBeatrizfc99	1
AnaCaarol16	AnaCaarol16	1
AnaClar00775215	AnaClar00775215	1
AnaClar65587576	AnaClar65587576	0
Anaclau46973420	Anaclau46973420	1
AnaGabriellaCo3	AnaGabriellaCo3	0
AnaKaro00863057	AnaKaro00863057	1
AnaKaro53580607	AnaKaro53580607	0
AnaKellimig	AnaKellimig	0
analauradias791	analauradias791	1
analuhlacerda	analuhlacerda	0
Analuis88820209	Analuis88820209	1
analuisa396	analuisa396	0
Analuluu99	Analuluu99	1
anantuneess	anantuneess	0
AnaPaul01427157	AnaPaul01427157	1
AnaPaul44609680	AnaPaul44609680	1
Anapaulaaall	Anapaulaaall	0
Anapsilvv	Anapsilvv	1
AnaVitr31954238	AnaVitr31954238	0
AnaVitr73935863	AnaVitr73935863	1
Ana_fodac	Ana_fodac	0
AnBiahh	AnBiahh	0
andersolindu	andersolindu	1
andrea19272666	andrea19272666	0
andreeeeeeza	andreeeeeeza	1
andreiahermes1	andreiahermes1	0
andreigama1	andreigama1	0
Andrerere777	Andrerere777	1
Andressa1588351	Andressa1588351	0
AndressaBotteg1	AndressaBotteg1	1
AndrewJulio10	AndrewJulio10	1
Andreyzin09	Andreyzin09	1
AndriaO44668402	AndriaO44668402	1
Andriel21093710	Andriel21093710	1
anedplt	anedplt	1
AnemSof	AnemSof	1
Ane_Thaly	Ane_Thaly	0
angelblue04	angelblue04	0
anine_ownt	anine_ownt	1
Aninhacss_31	Aninhacss_31	1
aninhalily_	aninhalily_	1
AnnaBea72643955	AnnaBea72643955	1
AnnaFar28956085	AnnaFar28956085	0
Annalui34131512	Annalui34131512	1
Annasza4	Annasza4	0
AnneCar84217904	AnneCar84217904	0
anoradasuamae	anoradasuamae	0
any_and_josh_NU	any_and_josh_NU	0
apcmatheus	apcmatheus	0
Apenas_corno_ve	Apenas_corno_ve	1
apvshit	apvshit	1
AquariushhaS	AquariushhaS	1
Armyyyy47383099	Armyyyy47383099	1
arthurolavo_	arthurolavo_	0
artungue90	artungue90	0
Aryanne77072679	Aryanne77072679	0
augusta_delma	augusta_delma	1
Avulsoaqui	Avulsoaqui	0
AyanneVictria1	AyanneVictria1	1
Aylastefany1	Aylastefany1	0
azuldemarileno	azuldemarileno	0
AzvdSofia	AzvdSofia	1
a_clara_n	a_clara_n	0
A__Gabrielly	A__Gabrielly	0
BabiiCunha03	BabiiCunha03	1
Baekhyu29450988	Baekhyu29450988	0
BarbaPietra	BarbaPietra	1
Barbara22307871	Barbara22307871	1
Barbara68030639	Barbara68030639	0
BARBARA89045416	BARBARA89045416	1
barbaraa_sm	barbaraa_sm	0
barbie_princs16	barbie_princs16	1
BarbosaJeandre	BarbosaJeandre	0
Barbozinha19	Barbozinha19	1
barreto_aline	barreto_aline	0
basilebiel	basilebiel	1
BbelaQ	BbelaQ	1
bdiaday	bdiaday	0
bea14502003	bea14502003	0
Beasgs	Beasgs	1
BeatriizYohanna	BeatriizYohanna	0
Beatriz62766899	Beatriz62766899	0
Beatriz85726025	Beatriz85726025	1
beatriz92486234	beatriz92486234	0
BeatrizAmncio8	BeatrizAmncio8	1
BeatrizDraw	BeatrizDraw	1
BelaCar40673810	BelaCar40673810	1
belaranha	belaranha	1
Belzineas	Belzineas	0
Benjami99279407	Benjami99279407	0
bergiante_gabi	bergiante_gabi	0
BernardoCaliman	BernardoCaliman	1
Bheatrizalbuqu3	Bheatrizalbuqu3	1
Bia42791365	Bia42791365	1
Biaah65227520	Biaah65227520	1
biaalbanezx	biaalbanezx	0
BiaaPelegrino	BiaaPelegrino	1
biaarroyoc	biaarroyoc	1
biacortezb	biacortezb	1
Bianca36668188	Bianca36668188	1
BiancaLenz13	BiancaLenz13	0
BiancaM87734957	BiancaM87734957	1
BiancaTayn1	BiancaTayn1	0
BiancaVallillo	BiancaVallillo	1
biateixeirac	biateixeirac	0
Bia_BM18	Bia_BM18	1
bibbix_	bibbix_	0
Bibi54093936	Bibi54093936	0
BielPereira2022	BielPereira2022	0
Bigasfnunes	Bigasfnunes	1
Biiah30021642	Biiah30021642	0
BiiancaSantaana	BiiancaSantaana	0
bitch_jpm	bitch_jpm	1
BkNiel	BkNiel	0
blatt_brunna	blatt_brunna	1
blsron	blsron	0
bnny097	bnny097	0
BorusDo	BorusDo	1
braguinhagostos	braguinhagostos	1
brandao_js	brandao_js	1
Brbaracp	Brbaracp	1
BrejnevC	BrejnevC	0
brenda53422968	brenda53422968	0
brendamatzen_	brendamatzen_	0
brenosantiag0	brenosantiag0	1
Brisadosf1	Brisadosf1	1
brisavanz	brisavanz	0
bruadesesperada	bruadesesperada	0
Bruna35290743	Bruna35290743	0
brunafborges_	brunafborges_	1
brunalizdesouza	brunalizdesouza	1
brunamart9ns	brunamart9ns	0
Bruninh46095895	Bruninh46095895	0
BrunnaFellix16	BrunnaFellix16	1
BrunoSa52425041	BrunoSa52425041	1
Bruunanjos	Bruunanjos	1
Bryan72971798	Bryan72971798	0
bubarim_	bubarim_	0
bubsleaal	bubsleaal	1
Bxsxbxr	Bxsxbxr	0
BybWGeAy9yPMWdS	BybWGeAy9yPMWdS	0
B_Tessaro	B_Tessaro	1
C15797526	C15797526	1
Cacau43716974	Cacau43716974	1
cadanalua	cadanalua	1
CaetanoZanatta	CaetanoZanatta	1
CafcomL16930762	CafcomL16930762	0
cafeevida	cafeevida	1
cafeuus	cafeuus	1
cagabrielle9	cagabrielle9	1
CaioFrederico5	CaioFrederico5	0
CaioHen70643532	CaioHen70643532	0
caju_vin	caju_vin	0
CalmaQuel	CalmaQuel	0
CAMILA22155686	CAMILA22155686	1
Camila54349463	Camila54349463	0
Camila87338916	Camila87338916	1
camilambsb	camilambsb	0
Camilla69480629	Camilla69480629	1
camillavitoriab	camillavitoriab	1
camilly14evelyn	camilly14evelyn	1
CamillyVitriaA8	CamillyVitriaA8	0
cansadissim_	cansadissim_	1
CarinaO05633667	CarinaO05633667	0
CarlaDeSalesDi1	CarlaDeSalesDi1	0
Carlaleiliana1	Carlaleiliana1	0
CARLASO73407132	CARLASO73407132	1
Carla_011185	Carla_011185	1
CarlosBilotta	CarlosBilotta	0
Carol1oliveir	Carol1oliveir	1
carolavalos	carolavalos	0
caroldioggo	caroldioggo	0
carolesdazueira	carolesdazueira	0
carolgusmaof	carolgusmaof	0
carolinec__sz	carolinec__sz	1
carolines0ares	carolines0ares	0
carolmelgarejo_	carolmelgarejo_	0
carolpitombeir3	carolpitombeir3	0
carolrbeiro	carolrbeiro	1
CarrijoClara	CarrijoClara	0
CassagoPedro	CassagoPedro	1
Cassia77498001	Cassia77498001	1
cavalcantimizu	cavalcantimizu	1
Ccarlos_coelho	Ccarlos_coelho	0
CelmaAndrade3	CelmaAndrade3	1
cheltooliveira	cheltooliveira	1
ChororoDiario	ChororoDiario	1
Chrissstyless	Chrissstyless	0
ChristoLorena	ChristoLorena	1
cienee2	cienee2	0
CiroVar03730932	CiroVar03730932	0
CKeicco	CKeicco	1
ClaCla97811455	ClaCla97811455	0
Clara1costa	Clara1costa	1
claradovo14	claradovo14	1
claralovesagb	claralovesagb	1
Claudia22416595	Claudia22416595	0
ClaudieliSanta2	ClaudieliSanta2	0
CledsonThaylon	CledsonThaylon	1
Cleuma87583083	Cleuma87583083	1
cmtelemarketing	cmtelemarketing	1
coelhomariaa	coelhomariaa	1
colorfulesbian	colorfulesbian	1
conniemakkari	conniemakkari	1
Contei_aqui	Contei_aqui	0
CortezBosco	CortezBosco	0
costtduda	costtduda	0
CpfTrem	CpfTrem	0
Cris61250334	Cris61250334	1
Cristia27619670	Cristia27619670	0
Cristia54367655	Cristia54367655	0
CurveloSidney	CurveloSidney	0
cybele_vitoria	cybele_vitoria	0
Cynara96606552	Cynara96606552	0
d33z1nho	d33z1nho	1
D8Breno	D8Breno	1
Dahoragui1	Dahoragui1	1
daiane_prado19	daiane_prado19	0
Dani19861170	Dani19861170	0
DaniAlmeidafoto	DaniAlmeidafoto	0
DanielA38015832	DanielA38015832	0
danielle_ohira	danielle_ohira	1
DanielPinhoSan1	DanielPinhoSan1	0
Danilinoof	Danilinoof	1
Danilo183314356	Danilo183314356	1
Danimaarquess_	Danimaarquess_	1
DanniGonalves2	DanniGonalves2	1
DANNIHRODRIGUE3	DANNIHRODRIGUE3	1
danonixs	danonixs	1
dantas_far	dantas_far	0
danyllovilanova	danyllovilanova	0
danysenna6	danysenna6	0
dassaa18	dassaa18	0
davianderof	davianderof	1
Davidairess	Davidairess	0
DaviGab08066029	DaviGab08066029	0
DaviSoaresz	DaviSoaresz	0
davolx	davolx	0
Day15797055	Day15797055	0
Dayaaa_18	Dayaaa_18	0
DayaneB81611047	DayaneB81611047	0
dayernfl	dayernfl	1
Dayrone7	Dayrone7	0
DayseIvete	DayseIvete	1
daysindaeast6	daysindaeast6	0
Dayz1227	Dayz1227	0
Dbora64220324	Dbora64220324	0
DboraLorrany8	DboraLorrany8	0
deagauda	deagauda	0
deboraa83856261	deboraa83856261	0
Deborasant0s_	Deborasant0s_	1
DeepHinata	DeepHinata	1
DekuhO	DekuhO	0
DeliciosoMuppet	DeliciosoMuppet	0
DemersonGabrie4	DemersonGabrie4	0
DeMilher	DeMilher	1
denilsonhort_	denilsonhort_	0
Dennysousa6661	Dennysousa6661	1
dernieredansen	dernieredansen	1
desistidoamor	desistidoamor	0
DessaMarques170	DessaMarques170	1
DeUilmar	DeUilmar	0
deuuusa	deuuusa	1
devaneiossssss	devaneiossssss	0
Diego23563638	Diego23563638	0
DIEGOAr95518398	DIEGOAr95518398	0
die_gostoso	die_gostoso	0
Diferient	Diferient	1
dixreisz	dixreisz	1
DjenaneSantos4	DjenaneSantos4	1
DobbyLucas	DobbyLucas	0
dogin_spinola	dogin_spinola	1
DoiXXt_	DoiXXt_	0
dos_paganotti	dos_paganotti	0
do_mayane	do_mayane	0
dPEYhoFkBPoh3TO	dPEYhoFkBPoh3TO	0
DressMaa	DressMaa	1
Dreza11600557	Dreza11600557	1
Drielle11908302	Drielle11908302	1
duarteyz	duarteyz	0
Duda67774946	Duda67774946	0
dudaavmb	dudaavmb	0
dudagomesgb	dudagomesgb	0
dudapacor	dudapacor	0
dudavazzzz	dudavazzzz	0
dumb0__	dumb0__	1
DXirlei	DXirlei	1
ebano_labres	ebano_labres	1
edhuuu2020	edhuuu2020	0
edilane04433282	edilane04433282	0
edinetee1	edinetee1	0
Edinha37	Edinha37	1
Edson_Cavanii	Edson_Cavanii	1
EDSXNNN	EDSXNNN	0
Eduarda05144183	Eduarda05144183	0
Eduarda39947742	Eduarda39947742	0
Eduarda43242079	Eduarda43242079	0
Eduarda72173433	Eduarda72173433	1
Eduarda97304944	Eduarda97304944	1
Eduardah_arauj	Eduardah_arauj	1
EduardaTimberg	EduardaTimberg	0
EduardoBene0	EduardoBene0	1
EduuMigo	EduuMigo	0
EdvandoGonalve4	EdvandoGonalve4	1
Edvania45598882	Edvania45598882	0
eemmanuelee	eemmanuelee	0
EffectLil	EffectLil	0
egar1971	egar1971	0
eiiisoph	eiiisoph	1
elaine_mdrs	elaine_mdrs	0
Eleandr10594541	Eleandr10594541	1
EleJovensd	EleJovensd	0
EliaMoreira3	EliaMoreira3	1
ElieneC4	ElieneC4	1
ElisaGa24784009	ElisaGa24784009	0
Elisa_campos67	Elisa_campos67	1
elisa_cardoso1	elisa_cardoso1	0
Elis_souzaal	Elis_souzaal	0
Elizabe54675983	Elizabe54675983	1
elizasilva07	elizasilva07	1
elleeeenh	elleeeenh	1
Ellen16204998	Ellen16204998	0
EllenMu07764518	EllenMu07764518	1
eloizavitoriars	eloizavitoriars	1
ElPedro102	ElPedro102	0
Elvis69267746	Elvis69267746	1
Ely06807793	Ely06807793	1
emanuelasouzzza	emanuelasouzzza	0
emesantanax	emesantanax	0
Emilli696	Emilli696	1
Emilly12829447	Emilly12829447	1
emillyanizz	emillyanizz	0
EmillyM15225491	EmillyM15225491	1
EmillyMariana18	EmillyMariana18	1
EmillyMoraes1	EmillyMoraes1	1
EmilyEl48160104	EmilyEl48160104	1
EmilyTodesco	EmilyTodesco	1
EmmillyYasmim	EmmillyYasmim	1
emydradee	emydradee	0
Enalia10	Enalia10	1
Englishonlydot	Englishonlydot	0
eraxm_u	eraxm_u	0
ericapmcd	ericapmcd	0
EricdoVale1	EricdoVale1	0
ErickSa01514421	ErickSa01514421	0
erykmaga9	erykmaga9	0
estertisste	estertisste	0
estevam70868959	estevam70868959	0
estherTerra2019	estherTerra2019	0
euacredito_fada	euacredito_fada	0
eucamillenik	eucamillenik	1
eugicruz	eugicruz	1
EuHerlison	EuHerlison	0
euizabelisilva	euizabelisilva	0
eularissacnd	eularissacnd	0
euopaiva	euopaiva	0
euovituu	euovituu	1
euphoricmaddy	euphoricmaddy	1
euprecisosair	euprecisosair	0
eurickslv	eurickslv	1
euuaninhaa_	euuaninhaa_	0
euzin_gfo	euzin_gfo	0
Eu_geniaaaa	Eu_geniaaaa	0
evander_lemos	evander_lemos	1
Evellyn__Mattos	Evellyn__Mattos	0
evilfsx	evilfsx	0
evyy133	evyy133	1
explictwritten	explictwritten	0
F29Rezende	F29Rezende	1
FabianaInhengu1	FabianaInhengu1	0
Fabigomes_ce	Fabigomes_ce	0
Fabioodoria	Fabioodoria	0
FABIVIANAFA	FABIVIANAFA	0
FacttbO	FacttbO	1
FaryasRayann	FaryasRayann	1
favgavassi	favgavassi	0
fazolli03	fazolli03	1
FelipeTraldi4	FelipeTraldi4	0
felipe__mendesp	felipe__mendesp	1
Ferdiorio14	Ferdiorio14	1
fernadadebom	fernadadebom	0
Fernand18531799	Fernand18531799	0
Fernand21445893	Fernand21445893	1
Fernand34549651	Fernand34549651	1
fernand53731360	fernand53731360	0
Fernandabatano1	Fernandabatano1	1
FernandinhaDua3	FernandinhaDua3	1
fernnandaf18	fernnandaf18	1
ferreiragiian	ferreiragiian	1
fe_rodrigues5	fe_rodrigues5	1
ffrases17	ffrases17	1
ffviana27	ffviana27	1
fiasqueira	fiasqueira	1
Fidelis2303	Fidelis2303	0
FigueiredoAl4n	FigueiredoAl4n	0
FilipeNishua	FilipeNishua	0
FJ04385431	FJ04385431	0
FlaviaPeraltta	FlaviaPeraltta	0
Flavio_C_S	Flavio_C_S	0
flopsmvp	flopsmvp	0
flor_jambu	flor_jambu	1
Flow0Moon	Flow0Moon	1
fodadog	fodadog	1
fodasepudim	fodasepudim	1
fortunatoIsa1	fortunatoIsa1	0
Francie05313361	Francie05313361	1
Francie22750679	Francie22750679	0
FrancielEugnio3	FrancielEugnio3	1
Francye89714546	Francye89714546	1
fRaSEsreau	fRaSEsreau	0
fribeiromay	fribeiromay	1
FrioECalculist4	FrioECalculist4	0
Frito_Arrozs	Frito_Arrozs	1
FuriniAlves	FuriniAlves	0
FurtadoTaynan	FurtadoTaynan	0
f_220fx	f_220fx	0
GabbiMenddes	GabbiMenddes	1
Gabiiiiih23	Gabiiiiih23	1
gabiimoliveira	gabiimoliveira	0
gabiprtl	gabiprtl	1
gabi_cav	gabi_cav	0
Gabmtss_	Gabmtss_	0
gabriel12339307	gabriel12339307	1
Gabriel87498157	Gabriel87498157	0
Gabrielamolmed1	Gabrielamolmed1	1
GabrieliiPassos	GabrieliiPassos	0
GabrielIvo13	GabrielIvo13	1
gabrielly3567	gabrielly3567	0
GabrielM4889	GabrielM4889	1
gabrielnavidabo	gabrielnavidabo	1
GabrielReisQui1	GabrielReisQui1	1
gabriielaAl	gabriielaAl	1
GabyGom65995630	GabyGom65995630	0
GABYYSA34834773	GABYYSA34834773	0
Gaby_Antunes01	Gaby_Antunes01	1
gatinhamalvada4	gatinhamalvada4	1
gavassi78	gavassi78	0
gaybeers_oPala	gaybeers_oPala	1
gbrtoc82	gbrtoc82	1
gege88390274	gege88390274	0
Geovana94924045	Geovana94924045	0
Geraldo38770340	Geraldo38770340	0
GGabyrosa	GGabyrosa	1
Giesel164	Giesel164	0
Gigifuraca23g	Gigifuraca23g	0
Gih051	Gih051	1
gihhhfernandes	gihhhfernandes	0
giiarx	giiarx	0
Gilhanny2	Gilhanny2	1
gimoourae	gimoourae	0
GIOH_OCAMPO	GIOH_OCAMPO	0
giomarques___	giomarques___	1
giovana48381258	giovana48381258	0
giovana_labate	giovana_labate	1
Giovane36449011	Giovane36449011	1
Giovann39388881	Giovann39388881	0
Giovann93030206	Giovann93030206	1
giovanna_viihh	giovanna_viihh	0
giswidow	giswidow	1
GIULIA90626608	GIULIA90626608	0
giuliaabreu013	giuliaabreu013	1
Giu_Gabriela	Giu_Gabriela	0
GleicieriL	GleicieriL	1
GleidsonGASa	GleidsonGASa	1
gmelancolica	gmelancolica	1
GoissMaisa	GoissMaisa	0
Goldman58689877	Goldman58689877	1
gomeeixx	gomeeixx	0
GomesIsraael	GomesIsraael	1
gomesske	gomesske	1
gonzale71435556	gonzale71435556	1
grasielly_brand	grasielly_brand	1
Graziellecr	Graziellecr	0
GraziNa22279652	GraziNa22279652	0
GraziSo33284920	GraziSo33284920	1
GraziSo59444303	GraziSo59444303	0
gregorysegatel	gregorysegatel	0
gr_luuh	gr_luuh	0
Guilher35591611	Guilher35591611	1
GuilhermeFLima2	GuilhermeFLima2	1
Guilhermm1997	Guilhermm1997	0
guimaraesrzk9	guimaraesrzk9	1
GuinaziRabelo	GuinaziRabelo	0
guscaralho33	guscaralho33	1
Gustavo51914554	Gustavo51914554	1
GustavoStefano7	GustavoStefano7	1
Guuh_gm002	Guuh_gm002	1
gvstx2	gvstx2	0
HadassaLeite1	HadassaLeite1	0
hannagomrs	hannagomrs	1
HarryXavier8	HarryXavier8	0
Hashi2341	Hashi2341	0
HaskelJhennifer	HaskelJhennifer	0
Hebe39315809	Hebe39315809	1
Hectorxxxxxxx	Hectorxxxxxxx	0
helenacadar	helenacadar	1
helenams11	helenams11	1
HelenaNefer	HelenaNefer	0
HellenSchmidt8	HellenSchmidt8	0
hemilly29273729	hemilly29273729	0
HemillyRoberta6	HemillyRoberta6	0
Henriqu34408473	Henriqu34408473	0
HenriqueTy1	HenriqueTy1	0
hereverythin	hereverythin	1
heyfabinho	heyfabinho	1
heynaraaaa	heynaraaaa	1
HHamnaf	HHamnaf	1
Higorhmr	Higorhmr	1
hmm_nexcau_bom	hmm_nexcau_bom	0
HoieBae	HoieBae	0
hokagei7	hokagei7	1
hotgirll16	hotgirll16	1
HTrausula	HTrausula	0
humano17471099	humano17471099	0
h_vytorya	h_vytorya	0
iacunhaa	iacunhaa	1
IagoFeitosa10	IagoFeitosa10	0
Iasmynn11	Iasmynn11	0
igessyca	igessyca	0
igormarins20	igormarins20	0
Igormelo8553	Igormelo8553	0
igormmontenegro	igormmontenegro	0
Ilanafe70447124	Ilanafe70447124	0
iLeeoH	iLeeoH	0
iletiiciaaa	iletiiciaaa	0
illan_vargens	illan_vargens	1
illenissacz	illenissacz	1
iludidapakrl	iludidapakrl	0
InacioAngela	InacioAngela	0
Inatiely2	Inatiely2	1
indieota_girl	indieota_girl	0
ingridrodriigs	ingridrodriigs	1
Ingrid_macedo0	Ingrid_macedo0	0
Inosuke66753058	Inosuke66753058	0
instaSuhdias	instaSuhdias	0
irmaomarcosdr	irmaomarcosdr	1
irmasbay	irmasbay	0
IrysKethelyn	IrysKethelyn	1
IS4d0r41	IS4d0r41	0
IsaacBraz	IsaacBraz	0
isaa_barbosa_	isaa_barbosa_	1
Isabelli890	Isabelli890	1
isabelmends	isabelmends	0
isacannalonga	isacannalonga	1
isadorapravcs	isadorapravcs	1
isaglvs_	isaglvs_	1
isagrieger	isagrieger	0
isalamento	isalamento	0
istrengerfing	istrengerfing	1
ita_silvaa	ita_silvaa	1
IvaniaVi	IvaniaVi	0
iviaquaresmal	iviaquaresmal	1
Izabelafds98	Izabelafds98	1
izagerad4	izagerad4	1
Izamara98101948	Izamara98101948	0
j0t4b	j0t4b	0
jacquevmatos	jacquevmatos	0
jadsx_	jadsx_	1
jaianeregina	jaianeregina	1
JamilleCris	JamilleCris	1
JannainaLima3	JannainaLima3	0
JaqueJa19520198	JaqueJa19520198	1
Jaqueli63215943	Jaqueli63215943	1
jean09196053	jean09196053	0
jeasantos3	jeasantos3	1
Jeferso44245810	Jeferso44245810	1
Jeferso54716192	Jeferso54716192	0
jennyymill	jennyymill	1
Jessica18996251	Jessica18996251	0
Jessica28544636	Jessica28544636	0
Jessica36911547	Jessica36911547	1
jesusdasquebra	jesusdasquebra	0
jhaquess	jhaquess	0
jhenifferlemes_	jhenifferlemes_	1
JhonJho85382197	JhonJho85382197	1
jhuliacaroline_	jhuliacaroline_	0
Jhulyakalongar	Jhulyakalongar	1
Jlszm1	Jlszm1	1
joainarabelo	joainarabelo	1
JoanaSp24	JoanaSp24	0
joaoantonioss_	joaoantonioss_	1
joaolusca2	joaolusca2	0
joaooli10317783	joaooli10317783	0
JoaoVit51726911	JoaoVit51726911	0
joaovlm7	joaovlm7	1
joao_vitorcm	joao_vitorcm	0
Joejohnny131	Joejohnny131	1
JohnatanCosta9	JohnatanCosta9	0
JohnathanRod23	JohnathanRod23	0
jomorei34469244	jomorei34469244	0
jooanamaaria	jooanamaaria	0
JooLuca82357586	JooLuca82357586	0
jordao_cecilia	jordao_cecilia	0
JorgeMe18416909	JorgeMe18416909	1
Joseane57986322	Joseane57986322	0
JOSEOtvio8	JOSEOtvio8	0
JosuFel84650972	JosuFel84650972	0
josymaiaa_	josymaiaa_	0
jotinha_14	jotinha_14	0
Joyce89709838	Joyce89709838	0
joycerochaz	joycerochaz	1
joynog8	joynog8	1
Jpiter65772211	Jpiter65772211	1
jp_castelan	jp_castelan	0
Jrflore52154564	Jrflore52154564	0
Ju43255585	Ju43255585	0
jubaherdy	jubaherdy	0
JucaCibelly	JucaCibelly	0
jucaneedo	jucaneedo	0
juffxo	juffxo	1
jugaldinod1	jugaldinod1	0
Juh55789617	Juh55789617	1
JuhAndrea	JuhAndrea	0
juhh_cavalcanti	juhh_cavalcanti	1
JuhMartiins1	JuhMartiins1	0
juhssarabf	juhssarabf	1
juh_giacomelli	juh_giacomelli	1
juia_fada	juia_fada	1
Jujumarinelli	Jujumarinelli	0
Jujusal4	Jujusal4	1
Julewwa_	Julewwa_	1
Julia66314148	Julia66314148	1
juliaavaleria	juliaavaleria	0
JuliaCarmezim	JuliaCarmezim	0
juliairikawa	juliairikawa	1
juliamarquesz19	juliamarquesz19	1
JulianaFiegenb1	JulianaFiegenb1	0
julianamoota	julianamoota	0
Juliapds1	Juliapds1	1
JuliaSemH2	JuliaSemH2	0
JuliaSilva6282	JuliaSilva6282	0
julio_nog72	julio_nog72	1
Julio___lins	Julio___lins	0
Jullyvan11	Jullyvan11	0
julyaramos	julyaramos	0
julyxxxs	julyxxxs	1
jumarangonn	jumarangonn	0
junhinhoooooo	junhinhoooooo	0
junior_juniorri	junior_juniorri	0
justtmearthur	justtmearthur	0
jvc_0liveira	jvc_0liveira	1
Jxpzss	Jxpzss	0
jyxzsva	jyxzsva	0
kaio0ficiel	kaio0ficiel	1
Kaio11871005	Kaio11871005	1
Kaio84952309	Kaio84952309	1
Kaliny19	Kaliny19	0
Kamille96569644	Kamille96569644	1
kanevesss	kanevesss	0
Karenbazon1	Karenbazon1	0
KarenBe21204465	KarenBe21204465	0
KarenBianca22	KarenBianca22	0
KarenJuliano9	KarenJuliano9	0
karenoriginxl	karenoriginxl	1
KarinaF78579073	KarinaF78579073	0
KarinaS71247706	KarinaS71247706	1
KarineL60483772	KarineL60483772	0
Karine_Agnis	Karine_Agnis	0
Karla25958339	Karla25958339	0
KarlaDi05947999	KarlaDi05947999	0
karlas072	karlas072	0
KarllaKemilly	KarllaKemilly	0
KarolFerreira_	KarolFerreira_	1
Karolin73565552	Karolin73565552	0
Karolinevsc1	Karolinevsc1	1
karows_	karows_	1
kathlem9	kathlem9	0
Kaua89302096	Kaua89302096	1
KauaHen86770161	KauaHen86770161	0
kauarsiilva	kauarsiilva	0
kawszx	kawszx	0
Kayke_14_	Kayke_14_	1
KaylaneLimadaS1	KaylaneLimadaS1	0
kayylanelp	kayylanelp	0
KDurals	KDurals	1
kefita4	kefita4	1
kellyaraujop	kellyaraujop	1
kellyleandro01	kellyleandro01	1
KellySmitth	KellySmitth	1
KelvinFerrarii	KelvinFerrarii	1
KelyGaldino	KelyGaldino	1
Kemilly79464570	Kemilly79464570	0
Kenzo_Domingos	Kenzo_Domingos	0
KetGuimaraes	KetGuimaraes	0
Ketlens13164315	Ketlens13164315	0
keylacnunes	keylacnunes	0
kidunty1	kidunty1	1
kikotomaz05	kikotomaz05	0
kipper_marcia	kipper_marcia	1
kkjguga	kkjguga	1
kkkkfodase2	kkkkfodase2	1
koalavyra	koalavyra	1
KosslerLouise	KosslerLouise	1
kristinavaler14	kristinavaler14	1
kryshattex	kryshattex	0
KssiaSi97335607	KssiaSi97335607	0
Kumar38926681	Kumar38926681	0
laaaripi_	laaaripi_	0
LaisCostalala	LaisCostalala	1
laisla17137508	laisla17137508	0
laissgoncalvez	laissgoncalvez	0
lais_veriissimo	lais_veriissimo	0
laixs3	laixs3	0
LaizaCailane	LaizaCailane	1
LaizaKaroline4	LaizaKaroline4	0
lalarilarie	lalarilarie	0
LanadePaula5	LanadePaula5	0
Lantor_oc	Lantor_oc	1
Larah33420219	Larah33420219	0
lararc	lararc	0
LaraRibeiro1_	LaraRibeiro1_	1
larissachrispim	larissachrispim	1
Larissaxcristi1	Larissaxcristi1	1
larydaniela2213	larydaniela2213	0
LaryMarinho_	LaryMarinho_	1
laurajunque	laurajunque	0
laurapizzaa2	laurapizzaa2	1
lauratgobbi	lauratgobbi	1
LAURAV16064579	LAURAV16064579	1
LauraVa57447841	LauraVa57447841	1
Lauravi11828061	Lauravi11828061	1
laura_sanva	laura_sanva	0
LauretsBeatrice	LauretsBeatrice	1
Laurian29925651	Laurian29925651	0
laurissiasoa	laurissiasoa	1
LaviniaBolin_	LaviniaBolin_	0
laviniakelen	laviniakelen	1
LaviniaLins7	LaviniaLins7	1
laviniamodest	laviniamodest	1
LaylaCamargo	LaylaCamargo	1
layromanoff	layromanoff	0
Laysilv19	Laysilv19	1
Le3zZz	Le3zZz	0
leandra__du	leandra__du	0
leeBittencourt_	leeBittencourt_	0
leetycias	leetycias	0
Lee_Azevedo28	Lee_Azevedo28	0
Lee_fabiano_	Lee_fabiano_	0
leh_oliveiraxx	leh_oliveiraxx	1
LeidyDias7	LeidyDias7	0
LeleSIILVA4	LeleSIILVA4	1
lemos_nivia	lemos_nivia	1
lenacmedeiros	lenacmedeiros	1
Leonard06655036	Leonard06655036	0
Leonard74806732	Leonard74806732	0
Leonard96471016	Leonard96471016	1
Leonardo_040903	Leonardo_040903	1
Leovieira023	Leovieira023	1
lerdonardo_	lerdonardo_	0
lesbicalidades	lesbicalidades	1
LETCIAL70334725	LETCIAL70334725	0
LetciaT63532475	LetciaT63532475	1
leticia87145785	leticia87145785	0
Leticia98932625	Leticia98932625	1
leticiafreireb	leticiafreireb	0
leticiagurgeel	leticiagurgeel	1
leticialuds	leticialuds	1
leticiapiran2	leticiapiran2	1
Leticia_0694	Leticia_0694	1
leticinha677	leticinha677	1
leticixsouza	leticixsouza	1
letiliminha	letiliminha	1
letisszz	letisszz	0
Letiziapontocom	Letiziapontocom	0
letresedz	letresedz	0
levese_tenis	levese_tenis	0
lflaminioolive1	lflaminioolive1	0
lilbebeavanii	lilbebeavanii	0
lilianee_24k	lilianee_24k	0
lilikoo007	lilikoo007	0
LiliTh66600	LiliTh66600	0
Lily97842851	Lily97842851	1
Lil_Sope02	Lil_Sope02	1
Lima02Kaio	Lima02Kaio	1
LimaBrualmeida	LimaBrualmeida	1
LinecaOliveira	LinecaOliveira	0
Liniker51486427	Liniker51486427	0
Liozinho1	Liozinho1	1
liscas12	liscas12	1
Livi38398846	Livi38398846	1
liviaa_hey	liviaa_hey	1
Liviagrauzin	Liviagrauzin	1
livian80	livian80	0
lizardiluis21	lizardiluis21	0
llarissa_ofcc	llarissa_ofcc	1
LlessaRangel	LlessaRangel	0
lliviaasxy	lliviaasxy	0
locadebrisa1	locadebrisa1	0
lokasideia	lokasideia	1
LoMello98944956	LoMello98944956	1
lopescandressa	lopescandressa	1
Lorena77427697	Lorena77427697	0
Lorrayne_rosati	Lorrayne_rosati	0
loshoras	loshoras	0
Lourx2	Lourx2	1
LsRhanna	LsRhanna	0
Lu4n_m1	Lu4n_m1	1
Luana25514970	Luana25514970	1
luanabello28	luanabello28	0
LuanaSavan	LuanaSavan	0
LuanaSo49078188	LuanaSo49078188	1
luana_m95	luana_m95	1
Luanetorrez	Luanetorrez	0
luaninhabjj	luaninhabjj	0
LuannaShirley6	LuannaShirley6	0
Lua_morei	Lua_morei	1
Lucas70429003	Lucas70429003	0
Lucas98854517	Lucas98854517	1
LucasCr40725610	LucasCr40725610	0
lucaskkai_	lucaskkai_	1
Lucasrobert66	Lucasrobert66	1
LucasSa39726485	LucasSa39726485	0
LucasSa77004536	LucasSa77004536	1
LucasSantosB9	LucasSantosB9	1
LucasStengher	LucasStengher	0
lucasvenanncio	lucasvenanncio	0
lucas_polizelo	lucas_polizelo	0
Lucax_Tadeu123	Lucax_Tadeu123	0
Lucca_mercanti	Lucca_mercanti	1
lucianbalbino	lucianbalbino	0
lucksoares07	lucksoares07	1
ludydsb	ludydsb	1
luhneves07	luhneves07	0
LuisaSAguiar20	LuisaSAguiar20	1
luisa_cardoo	luisa_cardoo	0
Luisteix15	Luisteix15	1
Luis_kaz2y5	Luis_kaz2y5	1
Luiza2337875374	Luiza2337875374	0
Luiza24401515	Luiza24401515	0
luizaaxc	luizaaxc	0
LuizaFares	LuizaFares	1
LuizaSi34617282	LuizaSi34617282	0
luiza_argentino	luiza_argentino	0
luizfelipe948	luizfelipe948	1
Lukas_013_013	Lukas_013_013	1
LulinhaQuenga	LulinhaQuenga	0
Lulisboa13	Lulisboa13	1
LuMandrami	LuMandrami	1
LunaGabbi	LunaGabbi	1
Luquildoo	Luquildoo	1
M3lanyy	M3lanyy	0
m4ria3du4rd4	m4ria3du4rd4	0
mafuza762	mafuza762	1
magalhaes2805	magalhaes2805	1
magalhaesgrude4	magalhaesgrude4	1
Mailson0511	Mailson0511	1
maisutilqoBozo	maisutilqoBozo	1
majestic11220	majestic11220	1
majumarques18	majumarques18	0
makema007	makema007	1
Manan75748886	Manan75748886	0
ManchaLarii19	ManchaLarii19	1
mandscr	mandscr	0
ManjoroManuel	ManjoroManuel	0
ManoelCostaNet4	ManoelCostaNet4	1
ManuelaVelosoD1	ManuelaVelosoD1	0
manuelillx_	manuelillx_	0
manuuuu_AA	manuuuu_AA	0
manu_paduuan	manu_paduuan	1
mar1aamaria	mar1aamaria	1
Marcela29556509	Marcela29556509	0
marcellysales3	marcellysales3	0
MarceloBontorim	MarceloBontorim	0
MARCELOCARVAL18	MARCELOCARVAL18	1
MarciaKulmann	MarciaKulmann	0
marcian51779008	marcian51779008	0
marcinhalimav	marcinhalimav	1
marciorezende83	marciorezende83	1
marcos10201	marcos10201	0
marcosgab1	marcosgab1	1
Marcossdavid	Marcossdavid	1
Mari94394994	Mari94394994	1
Maria34679877	Maria34679877	1
mariaambold1	mariaambold1	1
mariadias_1009	mariadias_1009	0
MariaEd62210570	MariaEd62210570	0
mariaed_stanisz	mariaed_stanisz	0
MariaFe18268173	MariaFe18268173	1
MariaHe97112039	MariaHe97112039	0
mariakarolplaza	mariakarolplaza	0
mariamendesx	mariamendesx	1
MarianaVareiro	MarianaVareiro	0
mariann16083155	mariann16083155	0
maria_cossta	maria_cossta	1
maria___luizaa	maria___luizaa	0
Maricoe27520354	Maricoe27520354	0
MaridaDoBangta1	MaridaDoBangta1	1
marifranca_	marifranca_	0
Marii0liveiira	Marii0liveiira	0
mariianeisa	mariianeisa	1
marinaarreis	marinaarreis	1
maripbpr	maripbpr	1
Marisilvaapol	Marisilvaapol	0
marixuxuk	marixuxuk	1
marizapierry	marizapierry	1
MarliaG63226412	MarliaG63226412	0
marlosants	marlosants	0
marmao16	marmao16	0
marques_mirele	marques_mirele	0
Martha35615545	Martha35615545	0
Martinha413	Martinha413	0
Martins701649	Martins701649	0
MartinsHeloyza	MartinsHeloyza	1
MartinsYo	MartinsYo	1
MARVEE68002979	MARVEE68002979	1
marxjohn	marxjohn	1
Maryana78084807	Maryana78084807	0
MarySou32321894	MarySou32321894	0
mar_rayanna	mar_rayanna	0
Mateus09938388	Mateus09938388	1
MateusMacena2	MateusMacena2	0
mateuzcristal	mateuzcristal	1
Matheus03420865	Matheus03420865	0
matheus06103332	matheus06103332	0
Matheus33015499	Matheus33015499	0
Matheus64366209	Matheus64366209	1
Matheus70920890	Matheus70920890	1
Matheus72987140	Matheus72987140	0
MatheusTheus100	MatheusTheus100	0
maTheus_1578	maTheus_1578	0
maurinomatriz	maurinomatriz	0
mavictoriasouza	mavictoriasouza	0
Maycon38489820	Maycon38489820	1
Maylavivyan	Maylavivyan	0
MayraSchaumann	MayraSchaumann	0
MayzaRanielle	MayzaRanielle	0
mclarabj	mclarabj	0
Meda66171635	Meda66171635	1
med_inspira	med_inspira	0
melcorrei	melcorrei	0
MelloGau	MelloGau	1
melovic_	melovic_	1
melrodriguess__	melrodriguess__	0
Melziiinha1	Melziiinha1	0
memesaoluis	memesaoluis	0
MemesMiranha	MemesMiranha	1
menele_caio	menele_caio	1
MentalLeve	MentalLeve	0
merdaaaaaaaa_	merdaaaaaaaa_	1
mettinha1	mettinha1	0
MeyCarey	MeyCarey	1
mfv_bia	mfv_bia	1
Miablueiskai	Miablueiskai	0
Michael66062295	Michael66062295	0
MichaelFranca9	MichaelFranca9	0
MichaellyJhess	MichaellyJhess	0
Miguel01193983	Miguel01193983	1
miilaleite	miilaleite	1
MikaellenSilv12	MikaellenSilv12	0
milalouq03	milalouq03	0
Milena00683561	Milena00683561	0
Milena13504343	Milena13504343	0
milenadixx1	milenadixx1	1
MilenaVital8	MilenaVital8	0
MileneLarissa5	MileneLarissa5	0
Mileninhaolvr	Mileninhaolvr	0
milinha0709	milinha0709	1
Milly09682219	Milly09682219	1
MilyBarross	MilyBarross	0
MinhaPagina	MinhaPagina	1
MiniBohh	MiniBohh	0
MintyezGG	MintyezGG	1
minyoon51157737	minyoon51157737	1
Mirelagiovanaa	Mirelagiovanaa	1
mirellinha1209	mirellinha1209	1
Mirian_stone	Mirian_stone	1
MiryanMiryellem	MiryanMiryellem	1
mitsuha012	mitsuha012	0
Mjeor1	Mjeor1	0
MMackeiser	MMackeiser	1
mmillaxs	mmillaxs	1
Mnrj23	Mnrj23	0
moioxoio	moioxoio	1
MoiseskaTATCHE	MoiseskaTATCHE	0
molinahttps	molinahttps	1
molka74763382	molka74763382	1
Monalis41979896	Monalis41979896	0
monotiimo	monotiimo	0
Monteirolaysa1	Monteirolaysa1	1
MonteiroSagaz	MonteiroSagaz	0
moon_san142	moon_san142	1
moreiraarafaela	moreiraarafaela	1
morenaltc_	morenaltc_	0
Morgana08915591	Morgana08915591	1
mvieiraxl	mvieiraxl	1
Myh49985517	Myh49985517	0
MylenaV63286609	MylenaV63286609	1
naanekrett	naanekrett	1
nabibikoff	nabibikoff	0
nadiabragaaa	nadiabragaaa	0
Nadia_jcb	Nadia_jcb	0
Naiana05642509	Naiana05642509	1
NaiaradeLuccaa	NaiaradeLuccaa	1
najulhasantos	najulhasantos	0
nalusposito	nalusposito	0
nanacordeiroo	nanacordeiroo	1
NandaAl37971352	NandaAl37971352	1
NandaDeAragao	NandaDeAragao	1
NaoDificil	NaoDificil	1
Naomy42806851	Naomy42806851	1
Naotein44373771	Naotein44373771	1
nara_karolll	nara_karolll	1
NardinLuiza	NardinLuiza	1
NaseemJ50266419	NaseemJ50266419	0
NatachaArajo6	NatachaArajo6	0
Nataliabbrito	Nataliabbrito	0
natalli_donc	natalli_donc	1
natcleislax	natcleislax	0
Nathali58207801	Nathali58207801	1
nathalia_becker	nathalia_becker	1
NathliaVascon15	NathliaVascon15	0
natmaizonave	natmaizonave	1
Natyalves69_	Natyalves69_	1
navarrogabee	navarrogabee	0
NegreliPamela	NegreliPamela	1
Neno_pxi	Neno_pxi	1
Netts68849607	Netts68849607	1
nicacioca_	nicacioca_	1
nicollymancinni	nicollymancinni	1
Nicoly53369694	Nicoly53369694	1
nicolyasantoss	nicolyasantoss	1
nicrevia	nicrevia	0
Niggx_dexd	Niggx_dexd	1
niiich12	niiich12	0
niinguemmm	niinguemmm	1
Nilda60074984	Nilda60074984	0
nini57786275	nini57786275	0
nkSchussler	nkSchussler	0
nnseiKKKK	nnseiKKKK	1
Nobodynange99	Nobodynange99	1
Noelyleite1	Noelyleite1	1
NTsouusa	NTsouusa	1
NubiaTaparello	NubiaTaparello	0
nut_dav03	nut_dav03	1
OBacate	OBacate	1
ohmylollih	ohmylollih	1
oHYPE_666	oHYPE_666	0
oioi_ana	oioi_ana	0
oi_moco	oi_moco	0
oleziin	oleziin	0
oliadolfo	oliadolfo	0
oliveiramv__	oliveiramv__	1
OlivioSantosBa1	OlivioSantosBa1	1
olliveira_nay	olliveira_nay	0
olucaswilde	olucaswilde	1
omar19749	omar19749	0
onlypdr	onlypdr	1
oSurtadoDaVida	oSurtadoDaVida	0
otiagogf	otiagogf	1
otoniana1	otoniana1	1
OtvioAu88183481	OtvioAu88183481	0
OuAna5	OuAna5	0
ouioxl	ouioxl	0
oxe_carol	oxe_carol	1
o_yasmimm	o_yasmimm	1
palomalcn	palomalcn	1
Paola_Arantess	Paola_Arantess	0
Park_mia_10_	Park_mia_10_	1
PatySan70269872	PatySan70269872	0
Paula50487603	Paula50487603	0
paulaa24k	paulaa24k	0
PaulaFe74890835	PaulaFe74890835	1
paularamosc_	paularamosc_	0
paulopcsk8	paulopcsk8	0
PauloSatolo	PauloSatolo	1
pcarvallho161	pcarvallho161	0
Pearl43702550	Pearl43702550	1
pedriingab_	pedriingab_	0
PedrinBernardi	PedrinBernardi	0
Pedro71014305	Pedro71014305	0
PedroLu87409371	PedroLu87409371	1
pedroru16187246	pedroru16187246	1
pelaine052	pelaine052	1
Pepe15774929	Pepe15774929	1
pereiramamah	pereiramamah	0
Pereirarara31	Pereirarara31	0
peres_emy	peres_emy	1
petryzinhaa	petryzinhaa	0
philographo	philographo	1
PierobomIsa	PierobomIsa	1
Pietra66680652	Pietra66680652	1
pinterestP0rra	pinterestP0rra	1
pkauan26	pkauan26	0
Plinceso0	Plinceso0	1
pneicorno1	pneicorno1	0
PodeQue15700583	PodeQue15700583	1
Poderos00155377	Poderos00155377	0
PolitinhoAnjo	PolitinhoAnjo	1
ponchytu	ponchytu	1
porrabells_	porrabells_	1
PovoaSolon	PovoaSolon	1
poxabaixinha1	poxabaixinha1	0
PoxaDanizinha	PoxaDanizinha	1
pretaaa_23	pretaaa_23	1
prieto_agnes	prieto_agnes	1
priii_goes	priii_goes	1
PriinThayy	PriinThayy	1
priklafkee	priklafkee	0
prjtX	prjtX	1
projetopaixaoo	projetopaixaoo	1
Psantos93712897	Psantos93712897	0
PSwianny	PSwianny	0
psyychogi	psyychogi	0
purgatoriomemes	purgatoriomemes	1
pvdgomess	pvdgomess	1
pvd_Anaa	pvd_Anaa	1
pvd_burguesa	pvd_burguesa	0
qisinad	qisinad	1
qqrdaymimback	qqrdaymimback	1
QualeRmo	QualeRmo	1
QuarentenaBras1	QuarentenaBras1	1
quelshirleyy	quelshirleyy	0
querosuabucet4	querosuabucet4	0
Quzialima8	Quzialima8	0
qvs_kekezinha	qvs_kekezinha	1
RaayNasscimento	RaayNasscimento	1
rab3ll	rab3ll	0
radnnss	radnnss	1
Radouken01	Radouken01	0
Rafa081Bastos	Rafa081Bastos	1
Rafa21313865	Rafa21313865	1
rafabm__	rafabm__	1
rafaellacvt	rafaellacvt	0
rafaellavirgin1	rafaellavirgin1	1
rafaelr264	rafaelr264	1
rafaeula4	rafaeula4	0
RaianeHellen4	RaianeHellen4	1
RaianyLaurabb	RaianyLaurabb	1
Raielly11281378	Raielly11281378	0
raissaaleixoo	raissaaleixoo	1
Raissagrangeiro	Raissagrangeiro	0
raissamarques0	raissamarques0	0
RaissaPacheco18	RaissaPacheco18	1
rakamanzano	rakamanzano	1
rangel_tarsila	rangel_tarsila	1
RansolinLariss5	RansolinLariss5	1
RaphaelLobo13	RaphaelLobo13	0
RaquelJ43129927	RaquelJ43129927	0
RaquelScoralick	RaquelScoralick	0
RasaCesrio3	RasaCesrio3	0
RayAbdul12	RayAbdul12	1
Rayanevm_	Rayanevm_	1
Rayanne34465750	Rayanne34465750	1
RayaraMelo4	RayaraMelo4	0
RayssaT37823631	RayssaT37823631	1
Rayssa_moraes19	Rayssa_moraes19	0
Re50274385	Re50274385	1
reallyxuxu	reallyxuxu	0
Rebeca02476042	Rebeca02476042	1
rebeca0346	rebeca0346	0
Rebecagodinhods	Rebecagodinhods	0
rebecavitooriaa	rebecavitooriaa	0
RebecaWoland	RebecaWoland	1
Regiane_moraes3	Regiane_moraes3	1
RenanZinho777i	RenanZinho777i	1
renata22M	renata22M	1
Renata44062910	Renata44062910	1
Renatamirandd_	Renatamirandd_	0
renato100505	renato100505	0
Renato54004771	Renato54004771	0
Renato70895021	Renato70895021	0
renebergamini	renebergamini	0
RezkiJa	RezkiJa	0
rhayraGO	rhayraGO	0
Rian45543342	Rian45543342	0
ricardaun1	ricardaun1	0
RickCat6	RickCat6	0
rlischka	rlischka	1
Roberta_vil	Roberta_vil	1
Roberto10381757	Roberto10381757	0
RobertPatryck	RobertPatryck	1
roddorot	roddorot	1
rodrigopacola	rodrigopacola	0
rodrigues_emih	rodrigues_emih	0
rolembergpedro	rolembergpedro	1
RomuloM86359670	RomuloM86359670	0
RosanaAR8	RosanaAR8	1
ROSANQUEIROZ	ROSANQUEIROZ	1
rsouzaesouza	rsouzaesouza	1
rufinibia	rufinibia	1
ruthguimaraesh	ruthguimaraesh	1
Ryanzin200	Ryanzin200	0
ry_vasconceloss	ry_vasconceloss	0
s2mazinhaa	s2mazinhaa	0
saavedra28	saavedra28	1
SabbadoR	SabbadoR	0
sabrimesquitaa	sabrimesquitaa	0
Sabrina34801874	Sabrina34801874	0
Sabrinaks18	Sabrinaks18	1
sabrinamoises4	sabrinamoises4	0
samarapongitori	samarapongitori	0
samarasombrinha	samarasombrinha	1
samara_aiala	samara_aiala	0
Samia_2016	Samia_2016	1
Samira41669925	Samira41669925	0
SamuelB64289354	SamuelB64289354	1
SamuelSmithOfi2	SamuelSmithOfi2	1
SandyFarias11	SandyFarias11	1
SandyMe00187978	SandyMe00187978	0
santos__anabia	santos__anabia	1
SarahCr18777947	SarahCr18777947	0
satuirno_	satuirno_	1
sa_kauanne	sa_kauanne	0
sblindbener	sblindbener	1
schreaveamericx	schreaveamericx	0
sdd_do	sdd_do	0
seifert84042409	seifert84042409	1
Seino61986884	Seino61986884	0
selzrare	selzrare	0
Sergioorsi3	Sergioorsi3	1
seumoo6	seumoo6	1
sexorjdb	sexorjdb	0
Shaiane02273403	Shaiane02273403	0
Shamalanzj	Shamalanzj	0
ShayenePereira7	ShayenePereira7	0
Shifu066	Shifu066	0
shivzexc	shivzexc	0
siaromde_	siaromde_	1
SilGracielle	SilGracielle	1
silvamarianow	silvamarianow	1
SilvaniaBonfim5	SilvaniaBonfim5	0
SilvaniaDalva	SilvaniaDalva	0
Simone_Galhardo	Simone_Galhardo	0
sincerooficial_	sincerooficial_	0
SiqueiraGabby	SiqueiraGabby	1
SITCdana	SITCdana	0
SkillDrem	SkillDrem	0
Sla07279791	Sla07279791	1
slayferfanny	slayferfanny	0
SmokeSep	SmokeSep	0
Soares_iisa	Soares_iisa	0
Sofia95278502	Sofia95278502	0
Sol_magalhaess	Sol_magalhaess	0
sonde_jesus	sonde_jesus	1
soobinut	soobinut	1
SoraymaDuarte	SoraymaDuarte	0
SordadinB	SordadinB	0
sorriso673	sorriso673	0
sosgabbz	sosgabbz	0
sos_hellena	sos_hellena	1
soulderio	soulderio	1
souzaerick_	souzaerick_	1
sro_sandra	sro_sandra	1
srroman__	srroman__	0
srthayla_	srthayla_	0
ssofiabds	ssofiabds	0
StampiniDarlene	StampiniDarlene	0
SteeVitria1	SteeVitria1	1
Stefanii_durst	Stefanii_durst	1
Stella76697187	Stella76697187	0
sthermelo2	sthermelo2	0
StryDark	StryDark	0
stsjhully16	stsjhully16	1
suelin_albeche	suelin_albeche	0
SuellenRochaRJ1	SuellenRochaRJ1	1
sumerlire	sumerlire	1
Summerflowerlov	Summerflowerlov	1
susilorrana	susilorrana	1
Svenflett	Svenflett	0
sweeetgrape	sweeetgrape	1
Sweetnessaaa1	Sweetnessaaa1	1
tabm42737383	tabm42737383	0
tahtata2	tahtata2	1
Tailane88853094	Tailane88853094	1
TainaraSabino4	TainaraSabino4	0
TallesMatheus15	TallesMatheus15	1
tamarizM2	tamarizM2	0
tamires40331023	tamires40331023	0
Tamires79252147	Tamires79252147	1
tamsoliveira1	tamsoliveira1	1
tasty_in_love	tasty_in_love	1
tata_cerri	tata_cerri	0
tatiamor_	tatiamor_	1
tauanaparaiba	tauanaparaiba	0
tayna73736263	tayna73736263	0
tayn_neves	tayn_neves	1
Tcdosanjos	Tcdosanjos	1
tchutchuquinhah	tchutchuquinhah	0
TDinelli	TDinelli	1
tefandes	tefandes	0
Tereso04438018	Tereso04438018	0
teu_dar	teu_dar	0
Thais89746452	Thais89746452	1
ThaisAlvesOli12	ThaisAlvesOli12	0
thaisbelle1	thaisbelle1	1
Thaisstxr	Thaisstxr	1
thaissz5	thaissz5	1
Thalia36087291	Thalia36087291	1
thallyny7	thallyny7	1
Thallys43676887	Thallys43676887	0
Thamire57649488	Thamire57649488	0
thammywerneck_	thammywerneck_	1
thaynacn	thaynacn	0
thaynagd	thaynagd	1
ThaysSilva_05	ThaysSilva_05	0
Thiago20207873	Thiago20207873	1
ThiagoCristo5	ThiagoCristo5	0
thiagoruizzz	thiagoruizzz	0
ThomazFarrhat	ThomazFarrhat	0
ThomeNathane	ThomeNathane	1
Thu72457123	Thu72457123	0
TIAGOFREIRESAN3	TIAGOFREIRESAN3	1
TicoPereira7	TicoPereira7	1
Tissa_229	Tissa_229	0
tonin_doborel	tonin_doborel	0
tonyjose927	tonyjose927	1
toriadahmer	toriadahmer	1
toriolliver	toriolliver	0
torredebabi	torredebabi	1
torre_laraa	torre_laraa	1
TremIsaac1	TremIsaac1	1
trevoemeatrevo	trevoemeatrevo	0
tristeloucaema	tristeloucaema	0
trouxaasempre	trouxaasempre	0
Trouxia03907022	Trouxia03907022	1
truth_time_mb	truth_time_mb	0
Ttdobiel_novo	Ttdobiel_novo	1
ttyounj_	ttyounj_	1
tt_da_Lisa	tt_da_Lisa	1
tudocertoooo	tudocertoooo	0
typefortha	typefortha	1
Uallas81580819	Uallas81580819	1
uiuslen	uiuslen	0
UmSerDaGalaxia	UmSerDaGalaxia	0
valdemiroepandi	valdemiroepandi	0
Valens71	Valens71	0
vampwtudos	vampwtudos	0
Vandilea_fat	Vandilea_fat	1
vanessa_henkeer	vanessa_henkeer	1
VannRuiva	VannRuiva	1
VanVandel1	VanVandel1	1
Venicios_M_R	Venicios_M_R	0
VeraLuc52756070	VeraLuc52756070	0
veyduceu	veyduceu	1
veypqp	veypqp	0
vfernandiss	vfernandiss	1
Vi59732284	Vi59732284	0
ViConstantinov	ViConstantinov	0
victoriamnx	victoriamnx	1
Victor_roqu3	Victor_roqu3	1
Victor_whately	Victor_whately	1
viic_olv	viic_olv	0
ViihOhanna	ViihOhanna	1
viiish_clarinha	viiish_clarinha	1
viktinho_69	viktinho_69	0
viniciu5sv	viniciu5sv	0
Viniciu72684127	Viniciu72684127	1
vinicius_vara	vinicius_vara	1
vinin_do_meo	vinin_do_meo	0
Viny_kistner	Viny_kistner	1
virumoatoga	virumoatoga	1
vitcarvalhoo_	vitcarvalhoo_	1
Vitinbzs	Vitinbzs	0
vitoorxspfc	vitoorxspfc	0
vitorestando	vitorestando	1
vitoria0315	vitoria0315	0
vitoria44437002	vitoria44437002	0
Vitoria78081024	Vitoria78081024	1
VitoriaAguirre4	VitoriaAguirre4	1
vitoriaam9	vitoriaam9	1
vitoriacamara18	vitoriacamara18	1
vitoriasouuz	vitoriasouuz	1
vitoria_evenly	vitoria_evenly	1
vitoria_kbs	vitoria_kbs	0
vitria80710646	vitria80710646	1
VitriaCassimir2	VitriaCassimir2	1
vitslima	vitslima	1
vit_montanheiro	vit_montanheiro	1
Vivian70503968	Vivian70503968	0
VivianLayaneda1	VivianLayaneda1	1
vi_berkenbrock	vi_berkenbrock	1
vulgoTF_	vulgoTF_	0
vyniciuslucian4	vyniciuslucian4	0
W3sleyy2	W3sleyy2	1
Wandres39315511	Wandres39315511	0
warmthie	warmthie	1
Welling87834100	Welling87834100	1
Well_laignier	Well_laignier	1
white_storm_V	white_storm_V	1
wifebitchsuga	wifebitchsuga	0
willnasc91	willnasc91	0
Wiztony97432179	Wiztony97432179	1
wygoes	wygoes	1
WyulleSantos	WyulleSantos	1
xpedrods	xpedrods	1
xrayh_xz	xrayh_xz	0
XvsKauan	XvsKauan	0
xwdaviiii	xwdaviiii	1
xxareyouxx	xxareyouxx	0
xxsamarinhaxx	xxsamarinhaxx	0
xxxibgdgnn	xxxibgdgnn	0
xyasss	xyasss	1
YagoSalles17	YagoSalles17	1
yamamoto_fran	yamamoto_fran	1
YanSaldanha1	YanSaldanha1	1
Yasmimellen151	Yasmimellen151	0
YasminL37665708	YasminL37665708	1
yasmintamaraa	yasmintamaraa	0
yasmin_camposm	yasmin_camposm	1
yassximenes	yassximenes	0
Yloicca	Yloicca	0
Yourcandyq	Yourcandyq	0
You_willh	You_willh	1
Yoyosampaio	Yoyosampaio	1
Ysl_nxggx	Ysl_nxggx	0
YumiiLara	YumiiLara	0
zabellaw	zabellaw	1
zeamays___	zeamays___	1
Ze_MonteiroGC	Ze_MonteiroGC	1
zirtaebkkk	zirtaebkkk	1
zzgabiizz	zzgabiizz	1
_780605335825	_780605335825	0
_afrancini	_afrancini	0
_AnaB94	_AnaB94	0
_analuizarf	_analuizarf	1
_anastef	_anastef	1
_andressasbrito	_andressasbrito	1
_Apenas_eu_f	_Apenas_eu_f	0
_biiapassoos	_biiapassoos	1
_crlth	_crlth	1
_Fofinha01_	_Fofinha01_	0
_FREITAS01_	_FREITAS01_	0
_giomarini	_giomarini	1
_jefersonsillva	_jefersonsillva	0
_ju_oliveira1	_ju_oliveira1	0
_jwacherski	_jwacherski	1
_lmsg_	_lmsg_	1
_madychris	_madychris	1
_MafheJF	_MafheJF	0
_maiaAlice	_maiaAlice	0
_maridk	_maridk	1
_MaspoxaJuliaa_	_MaspoxaJuliaa_	0
_Matheus_VK	_Matheus_VK	1
_mih_souza	_mih_souza	0
_mjalferes	_mjalferes	0
_M_Y_L_E_N_A_	_M_Y_L_E_N_A_	1
_Namikazee	_Namikazee	0
_naoseiouser	_naoseiouser	1
_Nch777	_Nch777	1
_nubiapinheiro	_nubiapinheiro	0
_oleozinho_	_oleozinho_	0
_rafaellapr	_rafaellapr	0
_rg	_rg	1
_troxaefds	_troxaefds	1
_velleen	_velleen	1
_vlopess_	_vlopess_	1
_whylua_	_whylua_	0
_whyyas	_whyyas	1
_y4go_	_y4go_	0
_zZYami_	_zZYami_	0
__gasparzinho	__gasparzinho	1
__laaiss	__laaiss	1
__macielflavia	__macielflavia	0
__miikaelly	__miikaelly	0
___AnaLuisaa___	___AnaLuisaa___	0
___Jefff___	___Jefff___	0
___lorrane	___lorrane	1
03Dixx	03Dixx	1
04Fernandinhoo	04Fernandinhoo	0
07Toukai	07Toukai	1
085_lucy	085_lucy	1
0ninaa	0ninaa	1
0_shazan	0_shazan	1
121sankemuel	121sankemuel	0
1PEDRO_HS	1PEDRO_HS	1
324b21aaaa	324b21aaaa	0
4ndrezin_	4ndrezin_	0
4nn3Mry	4nn3Mry	1
8bemmal2	8bemmal2	1
9Edimjr	9Edimjr	0
AAlavarci	AAlavarci	1
ACasteira	ACasteira	0
Adao_ou_adam	Adao_ou_adam	0
AdrianaaPassos	AdrianaaPassos	1
AdrianZasc	AdrianZasc	1
AdrieleMuniz11	AdrieleMuniz11	0
AFrancielma	AFrancielma	0
agabtenas	agabtenas	1
Agatha13485170	Agatha13485170	0
Agatha83342595	Agatha83342595	0
AgeizaL	AgeizaL	1
Albu_Le	Albu_Le	0
Aleatri82700395	Aleatri82700395	0
Aleatriaa3	Aleatriaa3	0
alexval18745974	alexval18745974	1
Ale_ziinn	Ale_ziinn	0
Alfeu07034078	Alfeu07034078	1
algueemc	algueemc	0
Alice67194874	Alice67194874	1
Alice98453454	Alice98453454	0
alicecenoura0	alicecenoura0	1
alineluizak	alineluizak	1
alinepinheir00	alinepinheir00	0
aliniivitoria	aliniivitoria	0
Allanamag_	Allanamag_	1
allmeida_vii	allmeida_vii	1
Allyne49469439	Allyne49469439	1
AllyneDias13	AllyneDias13	1
Amanda70089046	Amanda70089046	1
amandaaraujjo26	amandaaraujjo26	0
amandagomesss_	amandagomesss_	0
AmandaS16478290	AmandaS16478290	0
AmandaS77528961	AmandaS77528961	0
amanddacs	amanddacs	0
Amelizinha14	Amelizinha14	1
amigablogueiraa	amigablogueiraa	0
Amordoseucorao1	Amordoseucorao1	0
AmrMands	AmrMands	0
Ana19095656	Ana19095656	1
Ana46561140	Ana46561140	1
Ana64210147	Ana64210147	0
AnaBeatriz6984	AnaBeatriz6984	0
Anabiaasantana	Anabiaasantana	0
Anabutterfly8	Anabutterfly8	0
AnaClaraM___	AnaClaraM___	1
AnaClaraValenc3	AnaClaraValenc3	1
anaclarsan	anaclarsan	0
Anaclau46973420	Anaclau46973420	1
AnaCurt11890330	AnaCurt11890330	0
AnaLins11	AnaLins11	0
Analuis88820209	Analuis88820209	1
AnalyceParente	AnalyceParente	0
Ananda96371489	Ananda96371489	0
Anandamota5	Anandamota5	0
AnaSonally2	AnaSonally2	0
AnaThali3	AnaThali3	1
Anderso56064473	Anderso56064473	0
Andrein11765023	Andrein11765023	1
andresinhaasz	andresinhaasz	0
Andri59944739	Andri59944739	1
angelicasiilvas	angelicasiilvas	1
Anglica77457272	Anglica77457272	0
AniGreenbriar	AniGreenbriar	0
Aninhaic	Aninhaic	1
AnizauRafaela	AnizauRafaela	0
annapaivad	annapaivad	1
AnnyBotelho_	AnnyBotelho_	0
annyifleitas	annyifleitas	0
AnthoniaCampos	AnthoniaCampos	1
anthony08953058	anthony08953058	1
AntniadeMaria5	AntniadeMaria5	1
antoniosanth	antoniosanth	0
Apareci82675767	Apareci82675767	0
aquar_ian	aquar_ian	1
ArianeBeatriz0	ArianeBeatriz0	0
ArmyCoelha2	ArmyCoelha2	1
AronHokage	AronHokage	1
arrozdoceb	arrozdoceb	1
arrudapo22	arrudapo22	0
arthur228566645	arthur228566645	1
arthurfellipe03	arthurfellipe03	1
ashurajake	ashurajake	0
AZequim3	AZequim3	1
BaessaDaric	BaessaDaric	1
bahtoledo14	bahtoledo14	0
Barbalholaiss	Barbalholaiss	1
BarbosaHaysra	BarbosaHaysra	1
BartSolitari0	BartSolitari0	1
Batutinha200320	Batutinha200320	1
Bbzin90743140	Bbzin90743140	1
bea23596241	bea23596241	0
Beafag_	Beafag_	0
Beasgs	Beasgs	1
Bea_salgad	Bea_salgad	1
Bea__triz__	Bea__triz__	1
belli_haniel	belli_haniel	1
Benjami99279407	Benjami99279407	0
biaalbanezx	biaalbanezx	1
Biah_svv	Biah_svv	0
Biancasoltovsk	Biancasoltovsk	1
Biancaxxx0	Biancaxxx0	1
bia_beatirz	bia_beatirz	0
Bibi1009w	Bibi1009w	1
biel_malvezzi	biel_malvezzi	0
BlackStorm_ofi	BlackStorm_ofi	0
bluesishot	bluesishot	1
Boboquerque	Boboquerque	1
bogea_aricinha	bogea_aricinha	1
BorgesEvelize	BorgesEvelize	1
brancad40581553	brancad40581553	0
Brancalovi	Brancalovi	0
brandao_011	brandao_011	0
Brayan_Nono	Brayan_Nono	1
Brbara38672659	Brbara38672659	1
BrbaraPatrcia6	BrbaraPatrcia6	0
Brbrunaaa	Brbrunaaa	1
Breeeen31	Breeeen31	0
Brenda98907299	Brenda98907299	0
brendhi70568591	brendhi70568591	1
BrennaSousa17	BrennaSousa17	1
BrenoCa1822	BrenoCa1822	0
brightanyd	brightanyd	0
Broddrigues	Broddrigues	1
brumogomez	brumogomez	0
brunaalexf	brunaalexf	1
brunaax2	brunaax2	0
brunalizdesouza	brunalizdesouza	1
brunamakyssine	brunamakyssine	1
brunamart9ns	brunamart9ns	1
Bruninh64933306	Bruninh64933306	0
bruninha_kc	bruninha_kc	0
BrunnaEsterque1	BrunnaEsterque1	1
brunonathanfar	brunonathanfar	0
BrunoSantoswn	BrunoSantoswn	1
BrunoVi25747065	BrunoVi25747065	1
brununes_1	brununes_1	1
Bryan86669035	Bryan86669035	1
buslatinhakk	buslatinhakk	0
bygabsza	bygabsza	1
byulseasons	byulseasons	0
Cabelinhohh	Cabelinhohh	1
CafcomL16930762	CafcomL16930762	1
cagabrielle9	cagabrielle9	1
CaioBjj10	CaioBjj10	1
CalabresIngrid	CalabresIngrid	0
CamilaO12161929	CamilaO12161929	0
CamiloPV8765432	CamiloPV8765432	1
camily_crf1	camily_crf1	1
camisbuenno	camisbuenno	1
camisssc_	camisssc_	0
camivieirs	camivieirs	0
cardoso_c1	cardoso_c1	1
Carlaleiliana1	Carlaleiliana1	0
CarlosMiglis	CarlosMiglis	1
carol8anna	carol8anna	1
Carolin85993776	Carolin85993776	0
CarollyneEmyle	CarollyneEmyle	1
Carolzinhao0	Carolzinhao0	0
carolzzanelato	carolzzanelato	1
CassiaN41166013	CassiaN41166013	1
cauaanrt	cauaanrt	1
caucordeiro8	caucordeiro8	1
Caue_leandroo	Caue_leandroo	1
celoocas	celoocas	1
CerdeiraLeide	CerdeiraLeide	1
CFDiax	CFDiax	0
ChamuscaLeal	ChamuscaLeal	1
cheida_gabi	cheida_gabi	1
Cherno_and_byl	Cherno_and_byl	0
child_carstairs	child_carstairs	1
CHOCO_YAN_	CHOCO_YAN_	1
chrxxs69	chrxxs69	0
claariinhaaaaaa	claariinhaaaaaa	1
ClaraSo25589240	ClaraSo25589240	0
Claudia21765217	Claudia21765217	0
ClaudivanDuarte	ClaudivanDuarte	0
Clenilson_N	Clenilson_N	0
CliseleG	CliseleG	1
cmmcarvalho_	cmmcarvalho_	1
cmtelemarketing	cmtelemarketing	1
coe_zadora	coe_zadora	1
colorfulesbian	colorfulesbian	0
cometvalois	cometvalois	0
ComMoscona	ComMoscona	0
CosmeSevero	CosmeSevero	1
crazybellac	crazybellac	0
crf_celle3	crf_celle3	0
crf_myllena1	crf_myllena1	1
Cristia31983186	Cristia31983186	1
CrlhaB	CrlhaB	0
crlhofael	crlhofael	0
CunhaKah	CunhaKah	0
cybele_vitoria	cybele_vitoria	1
c_ztforever	c_ztforever	1
d33z1nho	d33z1nho	0
daGabix	daGabix	0
Daiana66086111	Daiana66086111	0
DalilaSeixas3	DalilaSeixas3	1
danielatetic	danielatetic	0
DantasHelaina	DantasHelaina	1
danyllovilanova	danyllovilanova	0
dariopinheiro2	dariopinheiro2	0
Davi28669127	Davi28669127	0
DaviOli29598587	DaviOli29598587	0
Davisantos_157	Davisantos_157	0
davmaiscedo	davmaiscedo	0
Day96094596	Day96094596	0
DboraAb87035824	DboraAb87035824	0
DboraSa90005703	DboraSa90005703	0
deborahh_15	deborahh_15	0
delaraxs	delaraxs	0
DenelynWandaney	DenelynWandaney	0
DenisLimaRosa	DenisLimaRosa	1
Desestabilizad4	Desestabilizad4	1
DessaMarques170	DessaMarques170	0
Dhandar18340371	Dhandar18340371	1
Diabacruzzz	Diabacruzzz	1
Diego45080150	Diego45080150	1
diegoluans_	diegoluans_	1
diLuasz	diLuasz	1
DimiGja	DimiGja	1
dinotopia32	dinotopia32	0
diogomacedo2000	diogomacedo2000	1
DiskRenan	DiskRenan	0
diteLuisD	diteLuisD	0
DixxJanainacost	DixxJanainacost	0
DoiXXt_	DoiXXt_	0
dominiquini_ju	dominiquini_ju	0
dorigonkk	dorigonkk	1
DouglasMeloDeB8	DouglasMeloDeB8	1
do_mayane	do_mayane	0
drakisnabiaa	drakisnabiaa	0
DRamosC15	DRamosC15	0
duarteyz	duarteyz	0
duas_tapada	duas_tapada	1
dudaavmb	dudaavmb	1
dudadomingosss	dudadomingosss	1
dudafds18	dudafds18	0
dudaferraaz	dudaferraaz	0
DudaMor43596245	DudaMor43596245	1
dudasilvvay	dudasilvvay	1
Dude_hq	Dude_hq	0
Dudinha05864914	Dudinha05864914	1
Dudynha33571724	Dudynha33571724	1
eaipate	eaipate	0
Edlayne60179868	Edlayne60179868	1
edsonlon	edsonlon	0
Eduarda16488607	Eduarda16488607	0
Eduarda43242079	Eduarda43242079	0
Eduarda51090428	Eduarda51090428	0
eduardadoneg	eduardadoneg	0
eduarda_araaujo	eduarda_araaujo	0
Eduardo36849693	Eduardo36849693	0
EduLacerdaMcp3	EduLacerdaMcp3	1
eedof_	eedof_	0
eii_joo	eii_joo	1
eimavizinha2	eimavizinha2	0
Eknadya123	Eknadya123	0
ElianaS67676660	ElianaS67676660	0
Elizang44273106	Elizang44273106	0
Eloisa27172169	Eloisa27172169	0
ElPedro102	ElPedro102	1
Emerson61698682	Emerson61698682	1
Emerson95164797	Emerson95164797	1
Emilly24342984	Emilly24342984	1
EmillyFraga7	EmillyFraga7	1
Emy42712759	Emy42712759	1
enendf8	enendf8	1
ENE_CATH	ENE_CATH	0
EnnetteTatiane	EnnetteTatiane	0
EnzohXx	EnzohXx	1
Erica20063	Erica20063	0
Erica25639158	Erica25639158	1
ErickMa22493369	ErickMa22493369	1
erickvaz_99	erickvaz_99	1
ErtelThais	ErtelThais	1
escritoradigita	escritoradigita	1
estavaaki	estavaaki	1
eu1_bela	eu1_bela	0
euamii	euamii	1
eueumesmaeu1	eueumesmaeu1	0
eugcesart	eugcesart	0
eulonely	eulonely	0
eunaoseinaomeu	eunaoseinaomeu	1
eunattanst	eunattanst	1
EuSouAna5	EuSouAna5	0
eusoufarofeira	eusoufarofeira	1
EuSouUmaBatat10	EuSouUmaBatat10	0
EuuGabrieeel	EuuGabrieeel	1
euumi_	euumi_	1
euzinhamajuh	euzinhamajuh	0
eu_anjinha09	eu_anjinha09	1
Eu_Maah2	Eu_Maah2	0
Evellyn_0009	Evellyn_0009	1
Evelyn43191999	Evelyn43191999	1
Evelyn48035869	Evelyn48035869	1
evilfsx	evilfsx	1
Evillynhaa1	Evillynhaa1	1
EvvySilvaa	EvvySilvaa	1
exaustadms	exaustadms	1
e_csouza	e_csouza	1
FabiollaSilv	FabiollaSilv	0
fada_pensativa_	fada_pensativa_	0
faelzin_fp	faelzin_fp	0
FbioNun30160912	FbioNun30160912	1
Feerquinaia	Feerquinaia	0
Fehking20	Fehking20	0
fehsantos2_	fehsantos2_	0
fehtxx	fehtxx	1
felipe_campoxx	felipe_campoxx	0
Felps_barbosa	Felps_barbosa	0
Fernand00827859	Fernand00827859	0
Fernand61270972	Fernand61270972	1
fe_sousa9	fe_sousa9	0
fgomesz_	fgomesz_	0
Fidelis2303	Fidelis2303	0
Find_Jul	Find_Jul	1
Flamengata_05	Flamengata_05	0
flor_jambu	flor_jambu	1
FlviaCo55860723	FlviaCo55860723	1
Fracassadona_	Fracassadona_	1
Francis20486203	Francis20486203	1
fran_Alvessssss	fran_Alvessssss	1
g4b1sexe	g4b1sexe	0
gaabiism_	gaabiism_	0
Gabee_lira	Gabee_lira	0
Gabiazvv	Gabiazvv	1
GabiTakahashi1	GabiTakahashi1	1
gabixslva	gabixslva	1
GabizelyRosa	GabizelyRosa	1
Gabi_Schmidt_	Gabi_Schmidt_	0
gabllmss	gabllmss	1
gabmonteiro8	gabmonteiro8	0
gabrideleglucio	gabrideleglucio	0
Gabriel47026924	Gabriel47026924	0
Gabriel71980114	Gabriel71980114	1
Gabriel98797258	Gabriel98797258	1
GabrielaRampaz1	GabrielaRampaz1	1
GabriellaMayole	GabriellaMayole	1
GabriellyWuicik	GabriellyWuicik	0
GabrielMatos04	GabrielMatos04	0
GabrielMourgue3	GabrielMourgue3	1
GabrielyLeifeld	GabrielyLeifeld	0
gabxiuiu	gabxiuiu	0
Gabyinuness	Gabyinuness	0
gatinhamalvada4	gatinhamalvada4	1
Gatxinha16	Gatxinha16	0
Gbrl_piza	Gbrl_piza	0
GDuarrte	GDuarrte	0
Geovana90616501	Geovana90616501	0
Geovana94924045	Geovana94924045	1
GeovanaGoetz	GeovanaGoetz	1
gessica_ofinar	gessica_ofinar	0
gffuzDgG5Kpz5TZ	gffuzDgG5Kpz5TZ	1
gheyson_melo	gheyson_melo	0
giana_laura	giana_laura	1
gigih_olive	gigih_olive	1
GiihAlencar5	GiihAlencar5	0
giihpimentels	giihpimentels	0
gioamaria	gioamaria	0
Giovann84862783	Giovann84862783	1
Giovann93030206	Giovann93030206	1
Giseelly__	Giseelly__	0
giselysnart	giselysnart	1
giulhaa_	giulhaa_	1
GIULIA90626608	GIULIA90626608	0
gmoneyfuck	gmoneyfuck	1
Gomeszi_	Gomeszi_	0
gPabloMartins	gPabloMartins	1
gpompeuu	gpompeuu	1
GraziSo59444303	GraziSo59444303	0
gregorysegatel	gregorysegatel	0
GrigolettoRamos	GrigolettoRamos	0
GsContin	GsContin	1
GuilhermeAS02	GuilhermeAS02	0
GuilhermeeSo4	GuilhermeeSo4	0
GulartMaycon	GulartMaycon	1
Gus1xvo	Gus1xvo	0
gust4n1n	gust4n1n	0
Gustavo42360194	Gustavo42360194	0
gusta_kaua	gusta_kaua	1
G_A_oliveira	G_A_oliveira	0
hadacura	hadacura	0
heaveonly	heaveonly	1
heey_beca	heey_beca	1
heey_silv4	heey_silv4	0
helloysaz	helloysaz	0
HeloissaHevelyn	HeloissaHevelyn	1
Heloitsa	Heloitsa	1
hervitoria	hervitoria	0
heslyx	heslyx	0
heynunes_01	heynunes_01	0
hicarlasantos	hicarlasantos	1
Hique_mr	Hique_mr	1
hlaynne1	hlaynne1	1
hmbalves	hmbalves	1
hokagei7	hokagei7	1
homemdascaverns	homemdascaverns	1
hyuga_c	hyuga_c	0
HyuriLima	HyuriLima	0
HzzIBECahabxUjt	HzzIBECahabxUjt	0
iamemylli	iamemylli	0
Ian_manguinha	Ian_manguinha	1
IasminySiilva	IasminySiilva	1
IkiSrt	IkiSrt	1
imperfectEhuman	imperfectEhuman	1
indy2402	indy2402	1
Ingrid88730235	Ingrid88730235	1
Ingridd_2007	Ingridd_2007	1
ingridrodriigs	ingridrodriigs	1
Ingryd30061538	Ingryd30061538	1
invocado_10	invocado_10	1
Isa74792321	Isa74792321	1
isaaaah_Dias	isaaaah_Dias	1
IsaabellaSants	IsaabellaSants	0
isaa_barbosa_	isaa_barbosa_	0
Isaa_reaal	Isaa_reaal	1
IsabeliFontana8	IsabeliFontana8	0
Isabell81161302	Isabell81161302	1
isabellafers	isabellafers	0
IsabellaMarsal	IsabellaMarsal	1
isaresen_	isaresen_	1
Isa_padovan	Isa_padovan	0
isinhamontanha	isinhamontanha	0
Ispds_	Ispds_	1
ispeto21af	ispeto21af	1
iths_ana	iths_ana	1
J07117	J07117	1
J4ozinDel4s	J4ozinDel4s	0
j4smimicrf	j4smimicrf	0
Jaaum35345413	Jaaum35345413	1
jacilen63515496	jacilen63515496	0
jadechegou	jadechegou	1
Jaksonshitson69	Jaksonshitson69	0
JamelaoV	JamelaoV	0
Jamile51404988	Jamile51404988	0
JamileDamascena	JamileDamascena	0
JayneMoreira7	JayneMoreira7	0
JcdoPostinho	JcdoPostinho	0
jcz1314	jcz1314	1
jean50765025	jean50765025	0
jeasantos3	jeasantos3	0
jeniferkleinbr	jeniferkleinbr	1
jenixalize	jenixalize	0
jennyygomess	jennyygomess	1
Jessica00718283	Jessica00718283	1
Jessica68104621	Jessica68104621	0
jessicaregertt_	jessicaregertt_	0
Jhonnyh_Jesus	Jhonnyh_Jesus	1
jhuliacaroline_	jhuliacaroline_	0
jjana_ina	jjana_ina	0
JliaFer43486151	JliaFer43486151	0
JLioneide	JLioneide	1
joao22823424	joao22823424	1
Joel17419131	Joel17419131	0
johnmlorenco	johnmlorenco	0
Jojodejoreba	Jojodejoreba	0
Jonatha64268071	Jonatha64268071	1
Jonh_cobain	Jonh_cobain	0
joohsantosc	joohsantosc	1
JooVito00561653	JooVito00561653	0
Jos16124020	Jos16124020	1
joshstaIent	joshstaIent	1
josianesophia31	josianesophia31	1
JosuFel84650972	JosuFel84650972	0
JPauloSchmitt	JPauloSchmitt	1
JrMiliciano	JrMiliciano	0
jrsomlp	jrsomlp	1
Juan_G0mesc	Juan_G0mesc	1
JuhAndrea	JuhAndrea	0
jujafp	jujafp	0
julia01318493	julia01318493	0
Juliaa12049186	Juliaa12049186	1
JuliaAm74444413	JuliaAm74444413	0
juliaasilva_	juliaasilva_	1
Juliabe22417732	Juliabe22417732	0
juliagferro	juliagferro	1
Julianaads__	Julianaads__	0
juliaraujoj	juliaraujoj	0
juliasilveriio	juliasilveriio	1
julinhaaaaaa7	julinhaaaaaa7	0
Julio00_	Julio00_	0
jvc_0liveira	jvc_0liveira	1
Jxpzss	Jxpzss	0
kaiane_nailla	kaiane_nailla	0
Kamila82174128	Kamila82174128	0
KamillyRosaa	KamillyRosaa	0
kams_luiza	kams_luiza	1
kanevesss	kanevesss	1
KarenBraga111	KarenBraga111	1
karinabedeschi	karinabedeschi	1
KarineGonzaga8	KarineGonzaga8	1
KarleneSievers	KarleneSievers	1
karolifreire	karolifreire	1
KarolMelloo18	KarolMelloo18	0
karycacto	karycacto	1
Katiane62072962	Katiane62072962	0
Kauana69781722	Kauana69781722	0
KauanaO13946298	KauanaO13946298	1
kauandaviid	kauandaviid	0
kauane_thays	kauane_thays	0
Kayke_14_	Kayke_14_	1
kaylain65843838	kaylain65843838	1
Kaylane75915367	Kaylane75915367	1
KayllaSilva15	KayllaSilva15	1
kduvinteeseis	kduvinteeseis	1
Keelly_003	Keelly_003	0
keilisssss	keilisssss	1
keketheklys_	keketheklys_	1
kelen_taiane_pv	kelen_taiane_pv	0
kellyleandro01	kellyleandro01	1
KellySmitth	KellySmitth	0
kerryzinha1	kerryzinha1	0
Ketlyn53058086	Ketlyn53058086	1
KeuryNathalia	KeuryNathalia	1
kingcoutto	kingcoutto	1
kiven114	kiven114	0
kkjguga	kkjguga	1
kkkiludido	kkkiludido	1
KkLuluzinha	KkLuluzinha	0
Kleyvvissonnun1	Kleyvvissonnun1	1
klleber0	klleber0	0
klnaty_	klnaty_	0
Knc51162812	Knc51162812	0
koerichevelin	koerichevelin	1
KOE_MAYK	KOE_MAYK	1
koniecznamalu	koniecznamalu	0
kpdoDsims	kpdoDsims	0
Kuraoka_18	Kuraoka_18	0
Kxrolzinha	Kxrolzinha	0
laile40492687	laile40492687	0
laillavilela	laillavilela	1
laisscosta	laisscosta	1
laissvittoria	laissvittoria	0
LalaGomeez	LalaGomeez	1
Lara14979233	Lara14979233	1
LaraBea45875617	LaraBea45875617	1
LaraGiao	LaraGiao	0
Larah33420219	Larah33420219	1
Larih_passaia	Larih_passaia	0
LaryMarinho_	LaryMarinho_	1
laurajunque	laurajunque	0
laurapais_	laurapais_	1
Laurian29925651	Laurian29925651	0
laykfg	laykfg	1
leandroxxv2	leandroxxv2	1
leaoluiisa	leaoluiisa	0
lebronfantini	lebronfantini	1
leehleitoa	leehleitoa	1
leehmelonii_	leehmelonii_	0
lehvme	lehvme	1
LeonidaSouz4	LeonidaSouz4	0
LetciaLillian1	LetciaLillian1	0
LetciaS42594204	LetciaS42594204	1
Leticia11171475	Leticia11171475	1
leticia89004020	leticia89004020	1
Leticia89554372	Leticia89554372	1
leticiacaastor	leticiacaastor	1
leticiafreireb	leticiafreireb	1
letotaria	letotaria	1
lhaysnasciment1	lhaysnasciment1	0
lidia_deplan	lidia_deplan	1
LiedsonLeal	LiedsonLeal	0
Ligiaribeirott	Ligiaribeirott	0
lilianejsilva	lilianejsilva	1
LiliTh66600	LiliTh66600	1
LindaMunhame	LindaMunhame	1
lisboa07_	lisboa07_	1
liscas12	liscas12	1
liv3ir4	liv3ir4	0
Livaaraujo1	Livaaraujo1	0
liviaa_hey	liviaa_hey	0
livian80	livian80	1
LKarla25	LKarla25	1
llaura_hs	llaura_hs	0
lopescandressa	lopescandressa	1
LopesPaullaa	LopesPaullaa	1
lorena2503gmai1	lorena2503gmai1	0
LorenaL88354644	LorenaL88354644	0
Lorenaventura__	Lorenaventura__	0
Lorena_Bassoo	Lorena_Bassoo	1
LorranyBaby1	LorranyBaby1	0
Lorrayn56745435	Lorrayn56745435	1
lorrayne_08	lorrayne_08	1
Lourx2	Lourx2	0
lovelysuun	lovelysuun	1
LPaz2013	LPaz2013	0
lsampa17	lsampa17	0
LScarpassa	LScarpassa	0
LuaAckles	LuaAckles	1
luaaxc	luaaxc	0
Luah_Gomez	Luah_Gomez	0
LuanaCr08778779	LuanaCr08778779	1
luanamelo30	luanamelo30	1
luaninha30_	luaninha30_	0
LuanyGunther	LuanyGunther	1
LucasCassol10	LucasCassol10	0
LucasLo40060129	LucasLo40060129	0
LucasMartinsAg2	LucasMartinsAg2	0
lucass03gabriel	lucass03gabriel	0
LucianoLucios	LucianoLucios	0
Lucimar14746897	Lucimar14746897	1
LudmilaNatali15	LudmilaNatali15	1
ludzess	ludzess	1
luisasierraaa	luisasierraaa	1
LuisFer96120322	LuisFer96120322	0
Luiza72688159	Luiza72688159	1
luizabianchii_	luizabianchii_	1
LUIZACORREA39	LUIZACORREA39	0
lumalq	lumalq	0
LuMarcelo8	LuMarcelo8	0
lunnaka	lunnaka	1
Luskaas_miguel	Luskaas_miguel	1
lutiana20	lutiana20	0
luuamorim4	luuamorim4	0
luzgirassol1	luzgirassol1	0
Lvisssborges	Lvisssborges	1
lv_frase	lv_frase	1
lxsxp	lxsxp	1
LygiaMartins3	LygiaMartins3	0
LzBiel	LzBiel	1
l_lemaciel	l_lemaciel	0
M1T0S1LV4	M1T0S1LV4	1
madeujr	madeujr	0
maduu_af	maduu_af	1
madu_oliveira83	madu_oliveira83	1
maferodrg	maferodrg	0
MagnantiClaudia	MagnantiClaudia	0
mah_souzaaaa	mah_souzaaaa	0
maia_gusta	maia_gusta	0
Maike79275062	Maike79275062	1
maisaabreuu	maisaabreuu	1
majestic11220	majestic11220	1
maju_sprates	maju_sprates	0
MALDITO3328	MALDITO3328	1
MALIBU99241691	MALIBU99241691	0
maluhms_	maluhms_	0
maluzinhamo	maluzinhamo	1
ManchaLarii19	ManchaLarii19	1
mandavine	mandavine	1
Mandy_Codes	Mandy_Codes	1
Manoelah8	Manoelah8	0
manuelinhakkjk	manuelinhakkjk	0
MarayaMarina	MarayaMarina	1
Marcell42158871	Marcell42158871	1
Marcin13691792	Marcin13691792	0
Marcosfamouss	Marcosfamouss	1
MarcosRios1996	MarcosRios1996	0
maria98225293	maria98225293	0
mariabessas3	mariabessas3	0
mariacspcaixeta	mariacspcaixeta	1
mariadasguerra	mariadasguerra	1
MariaEd62210570	MariaEd62210570	0
MariaEd78707507	MariaEd78707507	1
MariaFe18268173	MariaFe18268173	0
MariAllvex	MariAllvex	0
mariamacielup	mariamacielup	1
Mariamunixxx	Mariamunixxx	1
Mariano11772387	Mariano11772387	1
MariaPsantanna	MariaPsantanna	1
Maricoe48381743	Maricoe48381743	0
Marigomess8	Marigomess8	1
mariiamenezes_	mariiamenezes_	1
Marta29857892	Marta29857892	0
martinelli_foda	martinelli_foda	0
Martins701649	Martins701649	0
MartinsJava	MartinsJava	1
martinsvxs	martinsvxs	0
marxzete	marxzete	0
Mary__Dudy	Mary__Dudy	0
Matheus21922189	Matheus21922189	1
Matheus534122	Matheus534122	0
Matheus56146099	Matheus56146099	1
matiaaxx__	matiaaxx__	0
Mattostb_	Mattostb_	0
MayaLazzari	MayaLazzari	0
Maylanefr	Maylanefr	1
Maylavivyan	Maylavivyan	1
Maymenezss	Maymenezss	0
mayrannne	mayrannne	1
Maysa_Mendez	Maysa_Mendez	1
mcr_kkk	mcr_kkk	1
Mczzinha	Mczzinha	0
medeirooossss	medeirooossss	1
MelChan17	MelChan17	1
MelissaKaneko	MelissaKaneko	0
melmoura_s	melmoura_s	1
mels_dudinha	mels_dudinha	1
Melyssaxz	Melyssaxz	0
Melziiinha1	Melziiinha1	1
memesaoluis	memesaoluis	0
mendesthay_	mendesthay_	1
Menjou12_03	Menjou12_03	1
MermaViih	MermaViih	1
Me_JeanAndrade	Me_JeanAndrade	1
MF_Barcelos	MF_Barcelos	1
Micaely58034323	Micaely58034323	0
micyask	micyask	1
Miiilere	Miiilere	0
mika60429064	mika60429064	1
Mikaele04714252	Mikaele04714252	1
Mikaell46310307	Mikaell46310307	0
Milena_sann	Milena_sann	0
Mileninhaefds	Mileninhaefds	1
MillyCamargo7	MillyCamargo7	1
Minutti27	Minutti27	1
MirelleLisboa3	MirelleLisboa3	1
miria_bellizzi	miria_bellizzi	0
mjuliaazevedo	mjuliaazevedo	0
MLixada	MLixada	1
monnykas2	monnykas2	1
montebeller1_	montebeller1_	0
Moon090300	Moon090300	0
moon_san142	moon_san142	0
moreiraarafaela	moreiraarafaela	1
morenoplay06	morenoplay06	0
mor_guyie	mor_guyie	0
Mourinha156	Mourinha156	0
mredyee	mredyee	0
Msvalentim_	Msvalentim_	1
MuriloAnthony6	MuriloAnthony6	0
murilogomes011	murilogomes011	0
mxrtinsc	mxrtinsc	1
MylenaV63286609	MylenaV63286609	1
MyrianS93781220	MyrianS93781220	0
myssyleidemtts	myssyleidemtts	0
mzk_japa	mzk_japa	1
nah_hokama	nah_hokama	1
Naira37473282	Naira37473282	0
najulhasantos	najulhasantos	1
namesbea	namesbea	1
nana_soaress	nana_soaress	1
naoficaembranco	naoficaembranco	0
naomeencheplmds	naomeencheplmds	1
naraa_sz	naraa_sz	1
natalielsilv	natalielsilv	0
NatalyMoraes9	NatalyMoraes9	0
NatannyJonni	NatannyJonni	1
Nathall20368548	Nathall20368548	0
NathallyMoraes4	NathallyMoraes4	1
nathaly_moraisz	nathaly_moraisz	1
nathbilchez	nathbilchez	0
NathySa79572848	NathySa79572848	1
natmottadogas	natmottadogas	1
NayaSilva19	NayaSilva19	1
naybhope	naybhope	0
NeonKarllos	NeonKarllos	0
Nessa33416110	Nessa33416110	1
NevitondeSouza1	NevitondeSouza1	0
Nick36468311	Nick36468311	1
Nick61490921	Nick61490921	0
nicoolys_	nicoolys_	1
Nikollazin1	Nikollazin1	1
ninhomarques51	ninhomarques51	0
Niviarodriigues	Niviarodriigues	1
nizinhaaa11	nizinhaaa11	0
norimoonx	norimoonx	1
novaes12_	novaes12_	1
novopretovelh0	novopretovelh0	0
NPiassini	NPiassini	0
nssidndj	nssidndj	0
NubiaTaparello	NubiaTaparello	1
Nya_Bord	Nya_Bord	1
ocactoeobalao	ocactoeobalao	1
OfcNarinha	OfcNarinha	0
oficialrafael23	oficialrafael23	1
ohcaralheon	ohcaralheon	1
ok_raffa	ok_raffa	0
oliveirainezz	oliveirainezz	1
OliveyraJessica	OliveyraJessica	1
ondaa33	ondaa33	0
oxetasdoide	oxetasdoide	0
oxs_2018	oxs_2018	0
o_usernameo	o_usernameo	1
p7drohugo	p7drohugo	0
Pablooo70352134	Pablooo70352134	0
palomalcn	palomalcn	1
paozincomovo	paozincomovo	0
parkchaneyo	parkchaneyo	1
PatyRock100	PatyRock100	1
Paulookkk	Paulookkk	1
PavaoDaniely	PavaoDaniely	1
PBessa14	PBessa14	0
PBgOq5ERR3amR9J	PBgOq5ERR3amR9J	1
pdgoficial	pdgoficial	0
PedroCampanell3	PedroCampanell3	1
PedroCo00161944	PedroCo00161944	1
pedrofsn0	pedrofsn0	0
pedroru16187246	pedroru16187246	0
pedrosimionato4	pedrosimionato4	0
pedrxxhsa	pedrxxhsa	0
pensoempiadas	pensoempiadas	1
perez_kaique	perez_kaique	1
Pe_Droy	Pe_Droy	0
Picolinno	Picolinno	1
pillowswhy	pillowswhy	0
pinterestP0rra	pinterestP0rra	0
Piratadomar2	Piratadomar2	1
Pkeyyyyyy	Pkeyyyyyy	1
Plinceso0	Plinceso0	0
PmelaSimes5	PmelaSimes5	0
Pmella_aires	Pmella_aires	0
POLAR_76	POLAR_76	0
poneiquadrado	poneiquadrado	0
Portoliz_	Portoliz_	1
poxabaixinha1	poxabaixinha1	1
PoxaDanizinha	PoxaDanizinha	1
poxa_aninhadiix	poxa_aninhadiix	0
poxa_vida_bia	poxa_vida_bia	1
pretosilva_	pretosilva_	1
princesa_2410	princesa_2410	0
princesinha_yas	princesinha_yas	0
PriscilaAlcnt17	PriscilaAlcnt17	1
PrivadasDuvida	PrivadasDuvida	0
Privsvianna	Privsvianna	0
Prosopopia2	Prosopopia2	1
putinhonovinaju	putinhonovinaju	0
queenj2405	queenj2405	0
queirooz_l	queirooz_l	1
rafaelfigini	rafaelfigini	1
RafaelH59910401	RafaelH59910401	0
rafaellacvt	rafaellacvt	1
rafaellavirgin1	rafaellavirgin1	1
rafafranca02	rafafranca02	1
rah_soter	rah_soter	1
raiane_analia	raiane_analia	1
rainhanodrama	rainhanodrama	1
raissahjk	raissahjk	0
RamonNovaess	RamonNovaess	0
rannyelemih	rannyelemih	0
rayambrosioo	rayambrosioo	1
Rayan_Pontes	Rayan_Pontes	0
raynhahdeles	raynhahdeles	0
rayssamdi	rayssamdi	0
Ray_busoni	Ray_busoni	0
reinhartxzly	reinhartxzly	0
RemaneBay	RemaneBay	1
renato100505	renato100505	0
rezendejoycy	rezendejoycy	1
RhuanVincius12	RhuanVincius12	0
rhuan_apache	rhuan_apache	1
riscarollii_	riscarollii_	0
Roberta_Evelyn	Roberta_Evelyn	1
RoccoLiah	RoccoLiah	0
RochaSofya	RochaSofya	0
RodolfoGomesAr1	RodolfoGomesAr1	0
romaotheus	romaotheus	1
RonaldB66266956	RonaldB66266956	0
Ronaldo64190461	Ronaldo64190461	0
RossendyYasmin	RossendyYasmin	0
rsouzaesouza	rsouzaesouza	1
Ryan45583294	Ryan45583294	1
s0p4_	s0p4_	0
Samanta26298393	Samanta26298393	0
samarinha_11	samarinha_11	0
SamilleMarques_	SamilleMarques_	0
santosvaldemar2	santosvaldemar2	1
santos__anabia	santos__anabia	1
SaraGabriellyS7	SaraGabriellyS7	0
sarahol38241618	sarahol38241618	1
SarahSi18381420	SarahSi18381420	1
saralente	saralente	0
saranrocha_	saranrocha_	1
SatellesMa	SatellesMa	0
sa_clopes	sa_clopes	1
sa_maravilhosaa	sa_maravilhosaa	0
seinao97482310	seinao97482310	0
SeixasSamaia	SeixasSamaia	1
SellySantos5	SellySantos5	0
senhoraflopadaa	senhoraflopadaa	0
senhoritaBarchi	senhoritaBarchi	1
serhumanolindo	serhumanolindo	1
serialkilleerrr	serialkilleerrr	1
sgabrantes	sgabrantes	0
Shaienesilva13	Shaienesilva13	1
sharkizinho	sharkizinho	0
shirimpufyy	shirimpufyy	1
Sil3nce21	Sil3nce21	0
silvamhy3	silvamhy3	1
SilvaThayslla	SilvaThayslla	1
simao_44	simao_44	1
Sinceridan1	Sinceridan1	1
Skjaldmoo	Skjaldmoo	0
SlkRapunzell	SlkRapunzell	0
slmelaine	slmelaine	1
smilebeanz	smilebeanz	1
SmillerThomas	SmillerThomas	1
socratesdoidera	socratesdoidera	0
sofaloveerdades	sofaloveerdades	1
Sofia_conF	Sofia_conF	1
sophiia_kiim	sophiia_kiim	1
sophiskk	sophiskk	1
sosgabbz	sosgabbz	1
souamari	souamari	0
souathaiis	souathaiis	0
soueuloren1	soueuloren1	1
soujorginho	soujorginho	0
souzaerick_	souzaerick_	0
srolby	srolby	1
ssilvagabrielle	ssilvagabrielle	1
StadlerKemelly	StadlerKemelly	1
Stefanii_durst	Stefanii_durst	0
SteffanyCarva14	SteffanyCarva14	1
steh_gomes17	steh_gomes17	0
strangecaua	strangecaua	1
SuDamein	SuDamein	0
suhcraft	suhcraft	0
sunandstars6	sunandstars6	0
super_iludidos	super_iludidos	1
Surtadi17587051	Surtadi17587051	0
surtadona_l	surtadona_l	1
SurtoDia	SurtoDia	1
suzygabriellyy	suzygabriellyy	0
Sweetgiooo	Sweetgiooo	0
Swiane2	Swiane2	0
s_pereira_rj	s_pereira_rj	1
TalitaPrimo2	TalitaPrimo2	0
TalitaS01316050	TalitaS01316050	0
talitatalitas21	talitatalitas21	1
tamiresamorim2_	tamiresamorim2_	1
tartaruguinhoo	tartaruguinhoo	1
tatiana49248240	tatiana49248240	1
Tayssa33585011	Tayssa33585011	1
TBragax	TBragax	1
Tereza3089	Tereza3089	1
Terezinhamelqu1	Terezinhamelqu1	1
testudx	testudx	0
Tgpereira1993	Tgpereira1993	1
thaaaistress	thaaaistress	0
ThainaMartins1_	ThainaMartins1_	1
Thaissa52521146	Thaissa52521146	1
thamyyspaz	thamyyspaz	0
tharlhyson	tharlhyson	1
ThaVarela_	ThaVarela_	1
Thavyne_n	Thavyne_n	1
Thaylla18879571	Thaylla18879571	0
thegabrielsa	thegabrielsa	0
thegasparzin	thegasparzin	0
TheMoraez	TheMoraez	1
theusgamah	theusgamah	1
Thhamarassilva	Thhamarassilva	1
Thiagooooo19	Thiagooooo19	0
Thosantoos	Thosantoos	1
TiaLulu17	TiaLulu17	1
tiffxn_r	tiffxn_r	0
Tiktok08556	Tiktok08556	1
TioChic0oO	TioChic0oO	0
Tom53531234	Tom53531234	0
Tomascheski1	Tomascheski1	0
trashflame	trashflame	0
TremBar98376651	TremBar98376651	0
troxacomclasse	troxacomclasse	1
tudoerrado123	tudoerrado123	1
Umaarmynadanor8	Umaarmynadanor8	1
umgamer_aleator	umgamer_aleator	0
Umpretoqualqu4	Umpretoqualqu4	0
usatudinho	usatudinho	0
UtilidadesStaxr	UtilidadesStaxr	1
Utilitiiiiizzz_	Utilitiiiiizzz_	1
valentina123com	valentina123com	0
vanessa_henkeer	vanessa_henkeer	1
VB31842492	VB31842492	1
Velsque11724260	Velsque11724260	0
vemprojaca	vemprojaca	0
veypqp	veypqp	0
Vickkand	Vickkand	1
victor02____	victor02____	1
VictorJ2tz	VictorJ2tz	1
viec_	viec_	0
Viniciu71478768	Viniciu71478768	1
Vinix32496482	Vinix32496482	1
Viny_kistner	Viny_kistner	0
visdaros	visdaros	0
vishkkjj	vishkkjj	1
VitorBaumbach1	VitorBaumbach1	1
Vitoria14231649	Vitoria14231649	0
vitoria44437002	vitoria44437002	0
vitoriaaliciaa	vitoriaaliciaa	0
vitoriagaldi080	vitoriagaldi080	0
VitoriaKat	VitoriaKat	1
vitoriaszl	vitoriaszl	1
Vitria04202626	Vitria04202626	0
VitriaC86918464	VitriaC86918464	1
VitriaM47654122	VitriaM47654122	0
VitriaMafra5	VitriaMafra5	0
VitriaS94736766	VitriaS94736766	0
vivane24480414	vivane24480414	0
vivigeov	vivigeov	0
VlogsMilla	VlogsMilla	1
vrlimah	vrlimah	1
WagnerAscencao	WagnerAscencao	0
WalescaIngrid	WalescaIngrid	1
Wanessa04326318	Wanessa04326318	1
wanykellycarva2	wanykellycarva2	1
WesleyR00945668	WesleyR00945668	0
WesleyS77970227	WesleyS77970227	1
Witalo87448220	Witalo87448220	1
WJakelen	WJakelen	1
wodrays	wodrays	0
WriterInTheSnow	WriterInTheSnow	0
wsikegn	wsikegn	1
xdeborx	xdeborx	1
XQualhato	XQualhato	0
xtavioaug	xtavioaug	1
Xxx51239933	Xxx51239933	0
YagoSalles17	YagoSalles17	0
Yanalourenc	Yanalourenc	1
YanSouz06742157	YanSouz06742157	0
YaraCri98996649	YaraCri98996649	0
yasantos30	yasantos30	1
yasmim04141819	yasmim04141819	1
yasmim09601718	yasmim09601718	1
Yasmin01985654	Yasmin01985654	1
YasminC22907382	YasminC22907382	0
YasminL37665708	YasminL37665708	1
Yass_faustino	Yass_faustino	0
yjuniiorr	yjuniiorr	1
yris_lee	yris_lee	0
YSK_Lucy	YSK_Lucy	1
yukidz6	yukidz6	1
yurishowcla_de	yurishowcla_de	1
zerooclock16	zerooclock16	0
zie_la0	zie_la0	0
zlouyse	zlouyse	1
_afrancini	_afrancini	1
_alanapolo_	_alanapolo_	1
_balela_	_balela_	0
_CinthiaFontes	_CinthiaFontes	1
_drunk_girl__	_drunk_girl__	1
_Emyline	_Emyline	0
_FeCaardoso	_FeCaardoso	0
_gabrielandree	_gabrielandree	1
_giovannaedu	_giovannaedu	0
_ibeel_	_ibeel_	0
_jao16	_jao16	1
_jenyfer_z	_jenyfer_z	0
_lariwho	_lariwho	1
_LoveWitches	_LoveWitches	0
_luana198	_luana198	0
_luizahelen	_luizahelen	0
_maianesousaa	_maianesousaa	1
_mateuscordeiro	_mateuscordeiro	0
_mathx_	_mathx_	1
_mendesz_	_mendesz_	1
_morais_2	_morais_2	1
_natthaallia_	_natthaallia_	0
_nksousa	_nksousa	1
_passadu	_passadu	1
_pkr__	_pkr__	1
_rafaofernandes	_rafaofernandes	0
_ribeiroorafa_	_ribeiroorafa_	0
_salesjr80	_salesjr80	0
_thaaii__	_thaaii__	1
_thelzz	_thelzz	0
_troxaefds	_troxaefds	0
_velleen	_velleen	1
_viih03	_viih03	1
_whyyas	_whyyas	0
__eduard4borges	__eduard4borges	1
__s4brina__	__s4brina__	1
__thiago17	__thiago17	0
_____teuxC	_____teuxC	0
